date,station_id,station_name,latitude,longitude,pm25,pm10,aod,temp,rh,wind_speed,pblh
2026-06-12,DL001,Delhi_RK_Puram,28.56,77.18,170.42,300.73,0.6634294043252436,21.38,50.24,1.81,976.7
2026-06-12,MH001,Mumbai_Bandra,19.05,72.84,47.8,74.96,0.3387191827223759,24.71,65.05,3.73,882.7
2026-06-12,WB001,Kolkata_Victoria,22.54,88.34,106.77,208.85,0.4761398099757646,24.2,73.24,1.56,1394.2
2026-06-12,TN001,Chennai_Alandur,13.0,80.2,58.32,99.61,0.44572305036715876,30.01,86.11,2.74,1217.9
2026-06-12,KA001,Bengaluru_Silk_Board,12.92,77.62,42.62,66.05,0.322683175483576,25.64,76.06,1.46,1243.4
2026-06-12,TG001,Hyderabad_Sanathnagar,17.45,78.43,43.61,61.17,0.3905464238668635,27.02,77.02,1.35,1059.6
2026-06-12,BR001,Patna_Sanjay_Gandhi,25.6,85.1,141.74,233.9,0.6093599422703534,20.38,64.73,2.11,1192.9
2026-06-12,UP001,Lucknow_Lalbagh,26.85,80.94,158.92,305.25,0.7159186523890023,23.47,59.78,3.28,1001.1
2026-06-12,RJ001,Jaipur_Adarsh_Nagar,26.9,75.82,87.79,138.17,0.5953803368102422,19.46,43.94,4.46,964.6
2026-06-12,GJ001,Ahmedabad_Maninagar,23.0,72.61,90.05,176.87,0.5488340814651368,25.03,48.95,3.49,833.8
2026-06-13,DL001,Delhi_RK_Puram,28.56,77.18,187.63,356.93,0.6335824895500972,20.17,46.14,1.81,874.2
2026-06-13,MH001,Mumbai_Bandra,19.05,72.84,69.0,101.18,0.36284487716252684,27.58,62.78,4.18,1072.7
2026-06-13,WB001,Kolkata_Victoria,22.54,88.34,96.13,162.86,0.5473583805598998,23.75,70.97,3.42,1438.2
2026-06-13,TN001,Chennai_Alandur,13.0,80.2,59.64,97.2,0.4323558752913101,28.72,90.49,1.31,1247.6
2026-06-13,KA001,Bengaluru_Silk_Board,12.92,77.62,30.83,53.39,0.3902089635302032,28.51,91.42,3.79,1446.3
2026-06-13,TG001,Hyderabad_Sanathnagar,17.45,78.43,52.11,96.98,0.5438464597656785,25.84,68.23,4.63,1254.0
2026-06-13,BR001,Patna_Sanjay_Gandhi,25.6,85.1,129.65,218.05,0.7025156369426888,21.68,57.77,3.62,1041.0
2026-06-13,UP001,Lucknow_Lalbagh,26.85,80.94,155.76,288.48,0.7451090947965235,21.65,63.18,2.45,973.6
2026-06-13,RJ001,Jaipur_Adarsh_Nagar,26.9,75.82,104.7,176.21,0.5927722555136661,22.23,44.93,4.57,706.6
2026-06-13,GJ001,Ahmedabad_Maninagar,23.0,72.61,99.46,185.64,0.5497498521772884,24.01,47.32,4.02,929.3
2026-06-14,DL001,Delhi_RK_Puram,28.56,77.18,169.72,305.71,0.615989244084045,20.69,45.48,0.73,857.0
2026-06-14,MH001,Mumbai_Bandra,19.05,72.84,49.9,77.32,0.4160855788230512,23.88,65.65,2.69,984.4
2026-06-14,WB001,Kolkata_Victoria,22.54,88.34,95.17,168.84,0.45877262917853934,25.65,77.61,3.45,1173.3
2026-06-14,TN001,Chennai_Alandur,13.0,80.2,61.89,87.4,0.41700478838076915,26.34,85.79,4.21,1284.9
2026-06-14,KA001,Bengaluru_Silk_Board,12.92,77.62,40.72,71.42,0.3523677107521111,28.13,76.19,1.9,1301.4
2026-06-14,TG001,Hyderabad_Sanathnagar,17.45,78.43,62.05,96.59,0.38810016287634885,26.18,72.64,3.0,1199.3
2026-06-14,BR001,Patna_Sanjay_Gandhi,25.6,85.1,167.0,267.85,0.5466611188337102,22.15,62.16,2.32,1158.0
2026-06-14,UP001,Lucknow_Lalbagh,26.85,80.94,130.18,252.01,0.6871794311482642,25.45,65.4,2.83,1164.6
2026-06-14,RJ001,Jaipur_Adarsh_Nagar,26.9,75.82,81.64,124.99,0.6406611228318799,22.81,48.23,3.08,897.1
2026-06-14,GJ001,Ahmedabad_Maninagar,23.0,72.61,85.83,135.46,0.4453554022663593,24.61,44.67,2.57,912.6
2026-06-15,DL001,Delhi_RK_Puram,28.56,77.18,158.05,264.85,0.5950821201979098,20.71,50.39,3.81,831.6
2026-06-15,MH001,Mumbai_Bandra,19.05,72.84,67.3,107.89,0.3850375634517368,26.04,63.18,4.25,1170.3
2026-06-15,WB001,Kolkata_Victoria,22.54,88.34,111.55,203.02,0.36933064165342716,22.43,66.95,1.82,1271.5
2026-06-15,TN001,Chennai_Alandur,13.0,80.2,27.75,48.75,0.2729174132825001,27.46,81.0,3.25,1276.2
2026-06-15,KA001,Bengaluru_Silk_Board,12.92,77.62,27.6,44.43,0.3215534735289025,25.82,79.58,4.09,1230.0
2026-06-15,TG001,Hyderabad_Sanathnagar,17.45,78.43,60.54,116.36,0.43898545123763905,25.79,73.51,2.83,1275.4
2026-06-15,BR001,Patna_Sanjay_Gandhi,25.6,85.1,155.35,252.85,0.4818682276904027,21.84,63.53,3.09,987.6
2026-06-15,UP001,Lucknow_Lalbagh,26.85,80.94,153.57,293.21,0.7374625023876196,22.62,58.28,1.65,913.2
2026-06-15,RJ001,Jaipur_Adarsh_Nagar,26.9,75.82,67.66,97.23,0.6292965996275977,24.32,45.53,1.85,1127.5
2026-06-15,GJ001,Ahmedabad_Maninagar,23.0,72.61,86.29,127.92,0.46025366231829834,21.51,55.91,2.01,714.5
2026-06-16,DL001,Delhi_RK_Puram,28.56,77.18,160.44,281.14,0.5705457135169272,21.59,45.39,3.49,718.2
2026-06-16,MH001,Mumbai_Bandra,19.05,72.84,72.29,121.07,0.4453992584782661,27.23,64.2,4.69,992.5
2026-06-16,WB001,Kolkata_Victoria,22.54,88.34,77.6,123.48,0.5660313660182386,22.89,71.19,2.46,1266.1
2026-06-16,TN001,Chennai_Alandur,13.0,80.2,33.91,47.71,0.29672860493994385,28.33,84.52,0.83,1426.8
2026-06-16,KA001,Bengaluru_Silk_Board,12.92,77.62,52.78,74.47,0.39768139133835595,26.63,76.64,3.1,1386.5
2026-06-16,TG001,Hyderabad_Sanathnagar,17.45,78.43,83.69,137.48,0.36143847171031157,29.96,71.06,4.05,1049.6
2026-06-16,BR001,Patna_Sanjay_Gandhi,25.6,85.1,125.03,198.08,0.502505713610358,23.46,54.99,4.84,1033.3
2026-06-16,UP001,Lucknow_Lalbagh,26.85,80.94,143.39,253.3,0.6656749283915289,21.44,58.75,4.34,911.7
2026-06-16,RJ001,Jaipur_Adarsh_Nagar,26.9,75.82,98.76,152.78,0.5649863305908431,25.19,52.97,2.81,832.2
2026-06-16,GJ001,Ahmedabad_Maninagar,23.0,72.61,81.66,150.28,0.4884263585659525,23.02,51.21,1.97,1020.8
2026-06-17,DL001,Delhi_RK_Puram,28.56,77.18,166.1,245.6,0.544961877385227,21.4,48.16,4.09,768.7
2026-06-17,MH001,Mumbai_Bandra,19.05,72.84,61.51,120.67,0.32744688214430084,26.22,57.93,1.94,985.7
2026-06-17,WB001,Kolkata_Victoria,22.54,88.34,98.54,195.76,0.5186830474018931,23.92,67.72,3.04,1201.3
2026-06-17,TN001,Chennai_Alandur,13.0,80.2,47.79,74.77,0.2857837720438386,29.55,85.36,2.68,1423.0
2026-06-17,KA001,Bengaluru_Silk_Board,12.92,77.62,7.66,11.68,0.31905037046338663,26.52,83.74,3.52,1287.5
2026-06-17,TG001,Hyderabad_Sanathnagar,17.45,78.43,41.28,58.9,0.3357124118983885,25.56,65.66,3.33,1022.4
2026-06-17,BR001,Patna_Sanjay_Gandhi,25.6,85.1,143.58,239.87,0.4660381193913008,22.27,73.42,4.73,1201.9
2026-06-17,UP001,Lucknow_Lalbagh,26.85,80.94,156.66,244.3,0.6835073430262948,21.45,52.89,3.0,993.0
2026-06-17,RJ001,Jaipur_Adarsh_Nagar,26.9,75.82,90.32,160.33,0.568706604352357,23.43,44.03,1.44,838.3
2026-06-17,GJ001,Ahmedabad_Maninagar,23.0,72.61,94.88,187.89,0.43208423864309164,22.65,58.04,4.54,828.8
2026-06-18,DL001,Delhi_RK_Puram,28.56,77.18,185.61,291.44,0.5908758933461145,22.19,48.36,3.43,889.9
2026-06-18,MH001,Mumbai_Bandra,19.05,72.84,68.24,102.16,0.3985819174041907,29.52,61.94,1.6,1117.6
2026-06-18,WB001,Kolkata_Victoria,22.54,88.34,116.28,206.81,0.4403822204870165,26.95,75.0,2.28,1111.1
2026-06-18,TN001,Chennai_Alandur,13.0,80.2,54.59,109.17,0.40010055110385634,27.53,81.82,1.5,1404.9
2026-06-18,KA001,Bengaluru_Silk_Board,12.92,77.62,29.26,42.86,0.3489123932817554,26.89,85.49,1.42,1141.9
2026-06-18,TG001,Hyderabad_Sanathnagar,17.45,78.43,59.29,88.22,0.411445398070943,24.93,73.23,3.55,1213.3
2026-06-18,BR001,Patna_Sanjay_Gandhi,25.6,85.1,152.91,224.5,0.4559499523018933,19.81,74.15,2.58,1099.2
2026-06-18,UP001,Lucknow_Lalbagh,26.85,80.94,172.61,261.7,0.7054579382679063,24.83,51.45,3.32,959.5
2026-06-18,RJ001,Jaipur_Adarsh_Nagar,26.9,75.82,70.39,110.92,0.6191182088410885,24.38,43.51,2.74,820.3
2026-06-18,GJ001,Ahmedabad_Maninagar,23.0,72.61,106.42,205.52,0.43719745262972676,24.84,51.29,3.88,666.7
2026-06-19,DL001,Delhi_RK_Puram,28.56,77.18,176.12,315.67,0.5064508965466497,21.37,39.92,4.2,1111.2
2026-06-19,MH001,Mumbai_Bandra,19.05,72.84,65.36,110.79,0.2897852265932389,23.35,61.26,2.74,954.6
2026-06-19,WB001,Kolkata_Victoria,22.54,88.34,79.92,158.3,0.37510013398841713,23.2,80.91,3.2,1431.6
2026-06-19,TN001,Chennai_Alandur,13.0,80.2,36.12,52.17,0.31777350371556834,29.16,82.74,3.74,1397.9
2026-06-19,KA001,Bengaluru_Silk_Board,12.92,77.62,34.22,48.29,0.18688692273694005,28.33,77.68,1.33,1237.0
2026-06-19,TG001,Hyderabad_Sanathnagar,17.45,78.43,70.78,141.3,0.3607040496120466,28.03,73.35,3.12,1036.5
2026-06-19,BR001,Patna_Sanjay_Gandhi,25.6,85.1,167.01,288.55,0.5561479529111228,23.38,61.56,1.86,1008.9
2026-06-19,UP001,Lucknow_Lalbagh,26.85,80.94,152.49,275.95,0.6926467007458647,22.37,63.28,4.05,1097.2
2026-06-19,RJ001,Jaipur_Adarsh_Nagar,26.9,75.82,93.85,143.59,0.5066548189489383,20.65,50.37,2.69,609.4
2026-06-19,GJ001,Ahmedabad_Maninagar,23.0,72.61,96.86,181.79,0.47416073416401705,23.81,52.87,2.25,1203.8
2026-06-20,DL001,Delhi_RK_Puram,28.56,77.18,168.62,282.78,0.612822791543719,20.33,50.62,3.36,930.3
2026-06-20,MH001,Mumbai_Bandra,19.05,72.84,70.88,128.81,0.3454631946328585,25.87,66.31,3.12,871.6
2026-06-20,WB001,Kolkata_Victoria,22.54,88.34,93.0,152.62,0.3066759555193924,27.42,75.12,2.66,1088.1
2026-06-20,TN001,Chennai_Alandur,13.0,80.2,49.06,76.36,0.2916943734458389,27.78,78.05,4.31,1281.6
2026-06-20,KA001,Bengaluru_Silk_Board,12.92,77.62,31.54,45.82,0.27465933425473804,26.48,82.23,0.66,1349.2
2026-06-20,TG001,Hyderabad_Sanathnagar,17.45,78.43,73.15,124.32,0.32651259303631414,24.73,73.06,1.74,1075.1
2026-06-20,BR001,Patna_Sanjay_Gandhi,25.6,85.1,133.19,230.0,0.5084711531168343,22.53,60.96,3.39,1053.7
2026-06-20,UP001,Lucknow_Lalbagh,26.85,80.94,172.44,298.07,0.654907656198752,23.27,56.27,1.48,1038.0
2026-06-20,RJ001,Jaipur_Adarsh_Nagar,26.9,75.82,89.75,126.42,0.5164596279736476,20.7,60.32,4.03,864.5
2026-06-20,GJ001,Ahmedabad_Maninagar,23.0,72.61,105.11,165.81,0.4266938677587359,23.72,53.33,2.42,943.5
2026-06-21,DL001,Delhi_RK_Puram,28.56,77.18,165.62,234.26,0.5869559127362858,17.62,48.16,0.65,831.6
2026-06-21,MH001,Mumbai_Bandra,19.05,72.84,60.11,101.24,0.1925359391614938,26.69,62.45,1.56,1162.4
2026-06-21,WB001,Kolkata_Victoria,22.54,88.34,80.04,121.83,0.50506936984083,21.85,73.07,2.27,1225.5
2026-06-21,TN001,Chennai_Alandur,13.0,80.2,45.46,89.42,0.3467961517318186,27.18,88.62,4.68,1281.3
2026-06-21,KA001,Bengaluru_Silk_Board,12.92,77.62,35.0,51.2,0.29544546827474516,26.44,80.14,3.88,1092.0
2026-06-21,TG001,Hyderabad_Sanathnagar,17.45,78.43,75.23,109.78,0.33539727376893036,28.06,72.63,4.36,1213.5
2026-06-21,BR001,Patna_Sanjay_Gandhi,25.6,85.1,145.94,206.79,0.5034360639375484,19.76,62.14,1.87,1309.6
2026-06-21,UP001,Lucknow_Lalbagh,26.85,80.94,128.39,192.05,0.5771186715009289,22.18,62.38,3.82,1095.3
2026-06-21,RJ001,Jaipur_Adarsh_Nagar,26.9,75.82,75.37,148.79,0.442287004983633,22.07,54.28,0.77,629.8
2026-06-21,GJ001,Ahmedabad_Maninagar,23.0,72.61,87.39,144.02,0.4240429689952264,22.39,48.23,2.0,729.4
2026-06-22,DL001,Delhi_RK_Puram,28.56,77.18,165.68,292.01,0.5047428766851618,21.06,42.53,2.77,908.7
2026-06-22,MH001,Mumbai_Bandra,19.05,72.84,59.84,89.64,0.3312327100119617,25.09,62.35,3.22,937.7
2026-06-22,WB001,Kolkata_Victoria,22.54,88.34,83.19,120.83,0.3173416200064747,23.83,76.12,1.9,1166.0
2026-06-22,TN001,Chennai_Alandur,13.0,80.2,41.65,72.61,0.25991410140883947,29.37,88.87,3.82,1229.9
2026-06-22,KA001,Bengaluru_Silk_Board,12.92,77.62,29.33,53.32,0.32971208046719513,27.78,78.04,3.68,1470.8
2026-06-22,TG001,Hyderabad_Sanathnagar,17.45,78.43,79.09,147.44,0.3287021260679821,25.78,76.55,1.94,1263.7
2026-06-22,BR001,Patna_Sanjay_Gandhi,25.6,85.1,135.78,250.1,0.5366042204579001,25.63,67.17,2.83,1245.4
2026-06-22,UP001,Lucknow_Lalbagh,26.85,80.94,158.14,290.06,0.5831239852074721,22.61,60.7,3.32,1148.5
2026-06-22,RJ001,Jaipur_Adarsh_Nagar,26.9,75.82,94.54,189.05,0.5590956964350182,19.64,50.67,2.48,901.8
2026-06-22,GJ001,Ahmedabad_Maninagar,23.0,72.61,88.13,171.64,0.31278158376606235,23.79,52.62,2.57,866.6
2026-06-23,DL001,Delhi_RK_Puram,28.56,77.18,185.05,305.86,0.4105300601564231,22.82,41.35,2.24,973.2
2026-06-23,MH001,Mumbai_Bandra,19.05,72.84,39.91,75.56,0.23874495658451192,26.54,66.62,1.95,995.6
2026-06-23,WB001,Kolkata_Victoria,22.54,88.34,111.34,164.69,0.39931690274600895,23.71,71.52,2.6,1157.2
2026-06-23,TN001,Chennai_Alandur,13.0,80.2,50.44,90.57,0.23194397220096405,30.1,85.58,3.55,1419.2
2026-06-23,KA001,Bengaluru_Silk_Board,12.92,77.62,53.4,83.68,0.2661121917651205,29.92,76.68,3.61,1289.4
2026-06-23,TG001,Hyderabad_Sanathnagar,17.45,78.43,63.09,102.1,0.3247736862881523,26.0,71.68,3.38,1192.5
2026-06-23,BR001,Patna_Sanjay_Gandhi,25.6,85.1,150.56,251.06,0.381141583539772,22.35,68.22,3.05,1024.8
2026-06-23,UP001,Lucknow_Lalbagh,26.85,80.94,125.37,192.01,0.6442212940078151,23.29,64.47,4.82,1082.5
2026-06-23,RJ001,Jaipur_Adarsh_Nagar,26.9,75.82,96.23,183.05,0.5658784779529485,22.1,54.41,1.26,893.6
2026-06-23,GJ001,Ahmedabad_Maninagar,23.0,72.61,82.09,149.01,0.32521625004189747,26.74,47.95,3.0,944.0
2026-06-24,DL001,Delhi_RK_Puram,28.56,77.18,202.24,400.1,0.4393990913170983,23.15,54.85,1.51,897.0
2026-06-24,MH001,Mumbai_Bandra,19.05,72.84,49.22,94.3,0.3312634780098897,26.57,67.1,4.44,1003.0
2026-06-24,WB001,Kolkata_Victoria,22.54,88.34,111.07,184.96,0.36345040764421993,22.63,77.67,1.04,1331.8
2026-06-24,TN001,Chennai_Alandur,13.0,80.2,41.6,82.85,0.24992911058189188,28.78,81.07,1.98,1318.7
2026-06-24,KA001,Bengaluru_Silk_Board,12.92,77.62,48.66,76.24,0.20442860024083365,27.45,84.8,0.54,1260.6
2026-06-24,TG001,Hyderabad_Sanathnagar,17.45,78.43,58.13,101.84,0.3514231699828312,28.73,62.1,3.91,1189.1
2026-06-24,BR001,Patna_Sanjay_Gandhi,25.6,85.1,121.25,210.41,0.3852490021163667,24.79,61.75,0.61,1195.2
2026-06-24,UP001,Lucknow_Lalbagh,26.85,80.94,144.9,217.17,0.48710685363070627,24.74,62.76,2.23,835.3
2026-06-24,RJ001,Jaipur_Adarsh_Nagar,26.9,75.82,76.85,114.38,0.4492626485597697,23.27,52.15,2.42,1012.8
2026-06-24,GJ001,Ahmedabad_Maninagar,23.0,72.61,90.31,174.8,0.3629762918435995,24.25,48.99,1.84,900.7
2026-06-25,DL001,Delhi_RK_Puram,28.56,77.18,162.12,229.73,0.502267113227931,20.05,44.28,3.9,847.7
2026-06-25,MH001,Mumbai_Bandra,19.05,72.84,71.77,113.15,0.3842431671812305,23.05,61.23,2.67,1001.4
2026-06-25,WB001,Kolkata_Victoria,22.54,88.34,96.79,136.6,0.3489530274779001,22.63,77.48,2.41,1245.0
2026-06-25,TN001,Chennai_Alandur,13.0,80.2,33.5,53.85,0.21401513724834537,28.77,78.73,1.43,1387.0
2026-06-25,KA001,Bengaluru_Silk_Board,12.92,77.62,34.33,52.69,0.2222514055286023,28.15,83.11,1.54,1267.3
2026-06-25,TG001,Hyderabad_Sanathnagar,17.45,78.43,42.56,75.28,0.287917106282807,27.16,77.21,2.58,1110.4
2026-06-25,BR001,Patna_Sanjay_Gandhi,25.6,85.1,116.02,186.34,0.3486826816088342,24.13,63.54,1.97,1072.9
2026-06-25,UP001,Lucknow_Lalbagh,26.85,80.94,135.81,225.75,0.611042515362051,21.39,59.59,3.28,1088.4
2026-06-25,RJ001,Jaipur_Adarsh_Nagar,26.9,75.82,91.8,171.13,0.49519207623039674,23.48,50.13,3.54,774.4
2026-06-25,GJ001,Ahmedabad_Maninagar,23.0,72.61,110.56,207.64,0.47977611305062967,24.53,52.72,3.35,703.2
2026-06-26,DL001,Delhi_RK_Puram,28.56,77.18,200.05,384.57,0.4467397600081727,20.59,46.22,2.83,884.8
2026-06-26,MH001,Mumbai_Bandra,19.05,72.84,53.18,96.52,0.37645100561834055,27.5,63.79,1.34,1142.9
2026-06-26,WB001,Kolkata_Victoria,22.54,88.34,100.14,179.83,0.2744799679527035,23.49,72.67,1.96,1392.1
2026-06-26,TN001,Chennai_Alandur,13.0,80.2,61.99,105.99,0.24595678294412593,28.1,75.17,3.97,1276.8
2026-06-26,KA001,Bengaluru_Silk_Board,12.92,77.62,54.18,96.07,0.17367515939778583,28.29,84.25,3.87,1249.9
2026-06-26,TG001,Hyderabad_Sanathnagar,17.45,78.43,46.02,79.91,0.3028667713176724,27.39,62.82,3.61,1066.1
2026-06-26,BR001,Patna_Sanjay_Gandhi,25.6,85.1,150.5,226.64,0.4092954108898297,23.22,66.39,3.62,989.2
2026-06-26,UP001,Lucknow_Lalbagh,26.85,80.94,138.17,253.94,0.6441392008365772,24.72,58.93,0.83,906.4
2026-06-26,RJ001,Jaipur_Adarsh_Nagar,26.9,75.82,90.47,177.21,0.5111391388352033,23.33,45.87,2.48,849.0
2026-06-26,GJ001,Ahmedabad_Maninagar,23.0,72.61,102.15,184.36,0.340245852424357,24.07,55.55,2.13,937.0
2026-06-27,DL001,Delhi_RK_Puram,28.56,77.18,196.46,308.94,0.5005240530572743,21.11,49.79,1.56,842.7
2026-06-27,MH001,Mumbai_Bandra,19.05,72.84,62.19,94.62,0.3851937628410011,26.46,61.14,1.63,1164.4
2026-06-27,WB001,Kolkata_Victoria,22.54,88.34,92.49,135.44,0.4200138624386125,22.99,81.76,3.76,1137.2
2026-06-27,TN001,Chennai_Alandur,13.0,80.2,68.04,124.15,0.25846238396989724,29.28,73.15,1.97,1409.0
2026-06-27,KA001,Bengaluru_Silk_Board,12.92,77.62,51.17,100.94,0.24387450991320359,27.09,83.34,2.78,1277.5
2026-06-27,TG001,Hyderabad_Sanathnagar,17.45,78.43,51.26,100.76,0.28691873021237985,26.29,69.78,4.54,1150.5
2026-06-27,BR001,Patna_Sanjay_Gandhi,25.6,85.1,133.79,209.76,0.5221133051894615,23.28,66.86,3.76,1136.5
2026-06-27,UP001,Lucknow_Lalbagh,26.85,80.94,136.19,202.92,0.5647972741700115,23.37,58.32,0.51,1039.9
2026-06-27,RJ001,Jaipur_Adarsh_Nagar,26.9,75.82,71.39,102.15,0.5491630187322514,22.14,50.05,3.17,939.8
2026-06-27,GJ001,Ahmedabad_Maninagar,23.0,72.61,112.47,214.32,0.30474708247030746,21.22,54.31,3.86,817.9
2026-06-28,DL001,Delhi_RK_Puram,28.56,77.18,176.02,350.95,0.5748705911188452,22.19,40.64,1.43,990.0
2026-06-28,MH001,Mumbai_Bandra,19.05,72.84,93.95,163.89,0.33252383132623387,26.36,65.25,2.87,771.0
2026-06-28,WB001,Kolkata_Victoria,22.54,88.34,101.96,164.23,0.3312948797558619,24.63,75.16,2.41,1198.7
2026-06-28,TN001,Chennai_Alandur,13.0,80.2,71.14,132.2,0.20670835674932703,28.18,82.51,3.33,1278.7
2026-06-28,KA001,Bengaluru_Silk_Board,12.92,77.62,9.13,12.82,0.30270950065738167,28.18,77.69,3.51,1315.7
2026-06-28,TG001,Hyderabad_Sanathnagar,17.45,78.43,35.06,64.28,0.3256099788798205,27.36,65.5,0.86,1164.7
2026-06-28,BR001,Patna_Sanjay_Gandhi,25.6,85.1,154.43,280.11,0.5191944750356484,21.51,60.51,2.06,1204.3
2026-06-28,UP001,Lucknow_Lalbagh,26.85,80.94,155.58,262.47,0.605756133582058,22.14,60.0,4.26,886.1
2026-06-28,RJ001,Jaipur_Adarsh_Nagar,26.9,75.82,84.92,154.47,0.4327457948841622,22.68,50.78,3.71,782.9
2026-06-28,GJ001,Ahmedabad_Maninagar,23.0,72.61,89.72,158.54,0.3612046274662381,25.1,45.36,3.29,1056.0
2026-06-29,DL001,Delhi_RK_Puram,28.56,77.18,155.12,270.08,0.5016993694565703,21.08,43.72,2.58,707.3
2026-06-29,MH001,Mumbai_Bandra,19.05,72.84,62.75,99.47,0.41061227225067476,25.99,56.07,2.66,1239.3
2026-06-29,WB001,Kolkata_Victoria,22.54,88.34,88.32,135.76,0.4724325689882437,25.01,69.52,3.66,1326.1
2026-06-29,TN001,Chennai_Alandur,13.0,80.2,56.02,79.5,0.3662673384681191,26.08,81.62,2.44,1208.6
2026-06-29,KA001,Bengaluru_Silk_Board,12.92,77.62,21.67,39.62,0.33486754143781583,28.76,73.32,3.78,1191.7
2026-06-29,TG001,Hyderabad_Sanathnagar,17.45,78.43,71.07,110.57,0.38549286104617114,27.96,70.64,3.3,1100.7
2026-06-29,BR001,Patna_Sanjay_Gandhi,25.6,85.1,153.35,236.65,0.46617225950331725,22.67,67.26,1.29,1225.9
2026-06-29,UP001,Lucknow_Lalbagh,26.85,80.94,158.59,229.95,0.65523488357108,20.68,47.51,4.0,883.2
2026-06-29,RJ001,Jaipur_Adarsh_Nagar,26.9,75.82,72.12,109.84,0.5621688043530193,22.58,45.51,1.66,905.7
2026-06-29,GJ001,Ahmedabad_Maninagar,23.0,72.61,102.76,155.4,0.31522285280992884,24.1,47.16,3.51,613.0
2026-06-30,DL001,Delhi_RK_Puram,28.56,77.18,172.06,248.98,0.5801433915426641,19.72,56.2,3.86,813.4
2026-06-30,MH001,Mumbai_Bandra,19.05,72.84,46.88,83.48,0.36566221297514845,26.05,67.2,2.42,990.5
2026-06-30,WB001,Kolkata_Victoria,22.54,88.34,92.97,144.71,0.4494551928034231,23.39,67.87,0.83,1172.2
2026-06-30,TN001,Chennai_Alandur,13.0,80.2,32.48,59.66,0.2640589104793508,24.89,84.29,4.21,1377.0
2026-06-30,KA001,Bengaluru_Silk_Board,12.92,77.62,31.93,58.63,0.24603404684013935,27.04,78.02,4.15,1353.0
2026-06-30,TG001,Hyderabad_Sanathnagar,17.45,78.43,43.55,78.89,0.3062361401447904,27.8,74.03,3.63,1194.9
2026-06-30,BR001,Patna_Sanjay_Gandhi,25.6,85.1,133.79,258.0,0.3956704775722488,21.8,61.44,1.98,1112.8
2026-06-30,UP001,Lucknow_Lalbagh,26.85,80.94,157.39,304.38,0.6956527870587369,20.26,57.61,2.8,1143.9
2026-06-30,RJ001,Jaipur_Adarsh_Nagar,26.9,75.82,108.22,196.4,0.5141777075911964,22.17,49.12,3.86,970.0
2026-06-30,GJ001,Ahmedabad_Maninagar,23.0,72.61,93.38,185.81,0.43199485294566525,21.4,48.6,3.13,777.3
2026-07-01,DL001,Delhi_RK_Puram,28.56,77.18,170.14,275.42,0.6278311445442871,17.94,49.21,1.35,928.8
2026-07-01,MH001,Mumbai_Bandra,19.05,72.84,28.71,42.27,0.3112227895364814,27.34,63.75,2.49,963.4
2026-07-01,WB001,Kolkata_Victoria,22.54,88.34,91.28,145.53,0.4762308096458018,24.83,71.13,2.99,1360.3
2026-07-01,TN001,Chennai_Alandur,13.0,80.2,54.35,100.85,0.35189638861041694,31.47,85.13,3.93,1347.1
2026-07-01,KA001,Bengaluru_Silk_Board,12.92,77.62,40.58,73.14,0.42169371919111176,30.91,85.53,1.86,1220.3
2026-07-01,TG001,Hyderabad_Sanathnagar,17.45,78.43,38.32,67.95,0.37595508948206535,27.67,66.94,0.31,1002.5
2026-07-01,BR001,Patna_Sanjay_Gandhi,25.6,85.1,141.03,271.36,0.575716822183507,21.86,62.73,3.53,1262.8
2026-07-01,UP001,Lucknow_Lalbagh,26.85,80.94,128.66,254.93,0.7542432851964627,22.24,57.5,2.39,1065.9
2026-07-01,RJ001,Jaipur_Adarsh_Nagar,26.9,75.82,73.62,126.26,0.5701405515742832,21.39,44.97,4.17,914.2
2026-07-01,GJ001,Ahmedabad_Maninagar,23.0,72.61,99.36,188.86,0.49924641097618544,23.7,58.15,3.3,899.6
2026-07-02,DL001,Delhi_RK_Puram,28.56,77.18,168.48,312.92,0.5957008909850335,20.94,52.3,2.33,979.2
2026-07-02,MH001,Mumbai_Bandra,19.05,72.84,57.67,83.75,0.4283431620554592,25.62,56.81,1.5,1008.8
2026-07-02,WB001,Kolkata_Victoria,22.54,88.34,115.46,175.97,0.4685054761244762,22.27,68.16,1.77,1382.2
2026-07-02,TN001,Chennai_Alandur,13.0,80.2,66.93,97.69,0.33776000862492217,29.5,82.28,1.43,1301.2
2026-07-02,KA001,Bengaluru_Silk_Board,12.92,77.62,33.53,51.73,0.288909262416123,25.63,82.52,2.36,1363.1
2026-07-02,TG001,Hyderabad_Sanathnagar,17.45,78.43,57.68,84.73,0.49411966934459606,30.64,69.89,2.62,1060.0
2026-07-02,BR001,Patna_Sanjay_Gandhi,25.6,85.1,149.48,254.83,0.5828694602201034,23.34,60.96,2.13,1233.3
2026-07-02,UP001,Lucknow_Lalbagh,26.85,80.94,145.8,225.06,0.808730613762761,20.44,54.41,3.62,936.3
2026-07-02,RJ001,Jaipur_Adarsh_Nagar,26.9,75.82,82.39,137.83,0.6633856710559508,24.76,53.22,3.32,904.8
2026-07-02,GJ001,Ahmedabad_Maninagar,23.0,72.61,117.93,205.21,0.549525405978402,24.44,48.75,4.57,877.8
2026-07-03,DL001,Delhi_RK_Puram,28.56,77.18,170.42,339.16,0.677559824892427,21.11,45.02,2.7,1076.1
2026-07-03,MH001,Mumbai_Bandra,19.05,72.84,75.49,111.07,0.4565005562254705,27.09,60.15,1.7,1037.5
2026-07-03,WB001,Kolkata_Victoria,22.54,88.34,95.28,174.58,0.5066757675278356,22.36,75.22,0.71,1128.7
2026-07-03,TN001,Chennai_Alandur,13.0,80.2,52.34,89.41,0.40755537550348164,27.48,73.03,4.02,1109.6
2026-07-03,KA001,Bengaluru_Silk_Board,12.92,77.62,49.26,72.31,0.4074323880730592,26.35,83.51,2.27,1254.9
2026-07-03,TG001,Hyderabad_Sanathnagar,17.45,78.43,34.31,67.63,0.5033245774930508,27.38,68.63,1.63,955.7
2026-07-03,BR001,Patna_Sanjay_Gandhi,25.6,85.1,132.01,260.53,0.5617587774817707,23.07,62.47,3.89,1120.5
2026-07-03,UP001,Lucknow_Lalbagh,26.85,80.94,141.64,244.35,0.8405074536752637,20.72,58.55,3.62,928.2
2026-07-03,RJ001,Jaipur_Adarsh_Nagar,26.9,75.82,77.7,142.99,0.6344976114403124,23.51,50.62,2.32,818.4
2026-07-03,GJ001,Ahmedabad_Maninagar,23.0,72.61,99.82,150.72,0.5440179085205539,25.14,51.41,1.89,996.1
2026-07-04,DL001,Delhi_RK_Puram,28.56,77.18,182.54,316.31,0.6776949910469531,20.32,47.74,2.17,854.5
2026-07-04,MH001,Mumbai_Bandra,19.05,72.84,50.13,100.06,0.44164674092759404,24.53,71.53,3.39,1104.1
2026-07-04,WB001,Kolkata_Victoria,22.54,88.34,75.06,114.72,0.38691673215177985,22.82,69.77,1.48,1303.6
2026-07-04,TN001,Chennai_Alandur,13.0,80.2,38.46,73.54,0.4522047292549122,28.81,80.56,2.84,1462.2
2026-07-04,KA001,Bengaluru_Silk_Board,12.92,77.62,20.4,33.59,0.3845981919496609,26.45,81.32,2.08,1561.8
2026-07-04,TG001,Hyderabad_Sanathnagar,17.45,78.43,43.79,87.54,0.5002851220112329,27.41,76.73,3.83,1223.7
2026-07-04,BR001,Patna_Sanjay_Gandhi,25.6,85.1,143.46,229.45,0.5943140027503041,22.4,61.04,1.58,1040.3
2026-07-04,UP001,Lucknow_Lalbagh,26.85,80.94,112.82,161.09,0.7796011370495967,21.88,53.4,0.95,913.0
2026-07-04,RJ001,Jaipur_Adarsh_Nagar,26.9,75.82,99.32,196.1,0.7095049278147184,21.85,46.14,1.87,951.6
2026-07-04,GJ001,Ahmedabad_Maninagar,23.0,72.61,103.3,196.64,0.5461130568530617,24.58,55.44,3.45,626.3
2026-07-05,DL001,Delhi_RK_Puram,28.56,77.18,179.6,294.73,0.7103420335323252,17.03,49.71,2.82,927.9
2026-07-05,MH001,Mumbai_Bandra,19.05,72.84,52.85,77.3,0.44723676981361543,24.44,59.34,2.6,1038.9
2026-07-05,WB001,Kolkata_Victoria,22.54,88.34,87.89,151.82,0.5272132380838955,22.64,75.28,3.59,1499.2
2026-07-05,TN001,Chennai_Alandur,13.0,80.2,40.41,79.96,0.370986882801178,27.26,87.03,1.59,1360.2
2026-07-05,KA001,Bengaluru_Silk_Board,12.92,77.62,26.7,52.82,0.4543418792760183,28.42,85.52,2.14,1257.9
2026-07-05,TG001,Hyderabad_Sanathnagar,17.45,78.43,60.05,95.46,0.5141370750137364,27.37,76.09,2.63,1180.7
2026-07-05,BR001,Patna_Sanjay_Gandhi,25.6,85.1,137.19,231.97,0.6021818580926764,23.57,60.48,2.84,1149.4
2026-07-05,UP001,Lucknow_Lalbagh,26.85,80.94,154.99,274.64,0.7208069865457314,21.76,52.21,2.93,1066.8
2026-07-05,RJ001,Jaipur_Adarsh_Nagar,26.9,75.82,89.58,127.51,0.6222825950675703,23.4,51.59,2.81,759.5
2026-07-05,GJ001,Ahmedabad_Maninagar,23.0,72.61,109.84,193.77,0.5951533278998484,26.86,49.34,3.9,701.3
2026-07-06,DL001,Delhi_RK_Puram,28.56,77.18,163.09,322.05,0.6800837417064879,19.02,54.64,4.13,989.9
2026-07-06,MH001,Mumbai_Bandra,19.05,72.84,62.69,101.53,0.4987964856979364,25.97,58.89,3.92,916.0
2026-07-06,WB001,Kolkata_Victoria,22.54,88.34,87.22,167.7,0.4993567440319482,25.36,71.33,2.16,1315.2
2026-07-06,TN001,Chennai_Alandur,13.0,80.2,54.69,84.36,0.4312583030146821,29.18,80.24,2.02,1386.1
2026-07-06,KA001,Bengaluru_Silk_Board,12.92,77.62,27.36,49.88,0.4256902732444866,28.09,80.96,1.36,1434.6
2026-07-06,TG001,Hyderabad_Sanathnagar,17.45,78.43,55.07,86.12,0.588146717188305,26.03,65.21,2.89,1013.9
2026-07-06,BR001,Patna_Sanjay_Gandhi,25.6,85.1,152.82,264.67,0.6836896787580524,22.27,63.24,3.9,1096.6
2026-07-06,UP001,Lucknow_Lalbagh,26.85,80.94,175.1,246.99,0.7658285923558357,21.92,59.25,1.04,1070.1
2026-07-06,RJ001,Jaipur_Adarsh_Nagar,26.9,75.82,72.21,112.42,0.6910441306893086,23.61,48.34,3.37,908.5
2026-07-06,GJ001,Ahmedabad_Maninagar,23.0,72.61,105.61,168.63,0.39471549684351287,24.76,52.6,3.23,806.0
2026-07-07,DL001,Delhi_RK_Puram,28.56,77.18,186.54,286.24,0.7589547606915865,19.15,55.41,4.53,944.4
2026-07-07,MH001,Mumbai_Bandra,19.05,72.84,84.67,166.25,0.5605858829117102,24.84,57.88,3.29,1110.6
2026-07-07,WB001,Kolkata_Victoria,22.54,88.34,90.64,135.8,0.5134114147253206,24.71,77.99,2.65,1170.2
2026-07-07,TN001,Chennai_Alandur,13.0,80.2,27.83,50.4,0.3681432678948338,29.08,79.24,4.22,1290.1
2026-07-07,KA001,Bengaluru_Silk_Board,12.92,77.62,57.43,107.16,0.44746993282297587,28.57,79.02,2.09,1418.9
2026-07-07,TG001,Hyderabad_Sanathnagar,17.45,78.43,47.44,70.25,0.567929917566109,27.92,70.89,0.57,1208.4
2026-07-07,BR001,Patna_Sanjay_Gandhi,25.6,85.1,125.5,244.6,0.7022045226987466,23.64,58.9,3.73,1236.5
2026-07-07,UP001,Lucknow_Lalbagh,26.85,80.94,162.69,307.43,0.7676932922452188,21.49,58.26,1.31,969.7
2026-07-07,RJ001,Jaipur_Adarsh_Nagar,26.9,75.82,81.71,120.04,0.7301901907356099,20.0,48.12,2.23,841.9
2026-07-07,GJ001,Ahmedabad_Maninagar,23.0,72.61,98.02,189.99,0.41884192788881136,24.19,54.77,0.68,946.6
2026-07-08,DL001,Delhi_RK_Puram,28.56,77.18,161.27,280.47,0.6354455799185591,22.24,47.44,2.93,797.0
2026-07-08,MH001,Mumbai_Bandra,19.05,72.84,62.76,104.42,0.5476215676056828,25.91,67.86,4.23,1015.3
2026-07-08,WB001,Kolkata_Victoria,22.54,88.34,88.94,150.38,0.591170407570276,22.72,75.92,3.29,1218.9
2026-07-08,TN001,Chennai_Alandur,13.0,80.2,22.56,40.27,0.4560441782070314,27.83,88.44,2.53,1325.9
2026-07-08,KA001,Bengaluru_Silk_Board,12.92,77.62,44.01,72.49,0.41792848259702786,25.87,80.17,2.71,1370.9
2026-07-08,TG001,Hyderabad_Sanathnagar,17.45,78.43,69.63,99.64,0.5428164544078228,25.71,70.27,2.57,955.9
2026-07-08,BR001,Patna_Sanjay_Gandhi,25.6,85.1,153.83,247.62,0.6253105559545589,20.93,57.87,2.63,1187.3
2026-07-08,UP001,Lucknow_Lalbagh,26.85,80.94,141.24,205.58,0.8052532311012099,23.2,53.23,0.33,905.2
2026-07-08,RJ001,Jaipur_Adarsh_Nagar,26.9,75.82,77.92,134.9,0.7033484674076912,20.13,51.51,3.49,790.6
2026-07-08,GJ001,Ahmedabad_Maninagar,23.0,72.61,90.03,170.5,0.5681077470944662,23.34,50.37,2.76,911.7
2026-07-09,DL001,Delhi_RK_Puram,28.56,77.18,177.06,302.54,0.7274462173898517,19.16,50.08,3.35,905.9
2026-07-09,MH001,Mumbai_Bandra,19.05,72.84,79.8,116.15,0.46870393229081747,24.49,61.45,2.76,934.6
2026-07-09,WB001,Kolkata_Victoria,22.54,88.34,85.29,137.16,0.55074778016827,25.46,71.09,4.36,1338.5
2026-07-09,TN001,Chennai_Alandur,13.0,80.2,42.6,72.55,0.4412689102477814,29.81,81.29,4.85,1238.7
2026-07-09,KA001,Bengaluru_Silk_Board,12.92,77.62,24.73,45.51,0.35698621227693994,29.25,80.35,2.92,1280.6
2026-07-09,TG001,Hyderabad_Sanathnagar,17.45,78.43,57.51,106.01,0.5360633677567839,25.47,71.64,2.61,1145.1
2026-07-09,BR001,Patna_Sanjay_Gandhi,25.6,85.1,141.91,233.23,0.6994326030797664,22.91,60.53,2.05,1121.6
2026-07-09,UP001,Lucknow_Lalbagh,26.85,80.94,147.43,248.05,0.7500318022117544,21.15,56.78,1.0,1054.8
2026-07-09,RJ001,Jaipur_Adarsh_Nagar,26.9,75.82,98.24,166.57,0.6904490221357752,19.97,51.11,3.78,945.8
2026-07-09,GJ001,Ahmedabad_Maninagar,23.0,72.61,85.85,146.1,0.4967591191876127,24.27,57.76,1.01,862.5
2026-07-10,DL001,Delhi_RK_Puram,28.56,77.18,179.9,297.93,0.7622743073887905,20.62,50.99,1.89,757.9
2026-07-10,MH001,Mumbai_Bandra,19.05,72.84,71.53,110.88,0.49465658944788643,25.24,63.39,3.25,1063.8
2026-07-10,WB001,Kolkata_Victoria,22.54,88.34,65.61,101.45,0.528180129560021,22.77,68.64,4.23,1238.7
2026-07-10,TN001,Chennai_Alandur,13.0,80.2,36.89,52.63,0.38860520134255827,29.96,81.77,3.47,1106.9
2026-07-10,KA001,Bengaluru_Silk_Board,12.92,77.62,51.65,75.57,0.4601147037392911,28.37,79.47,3.78,1454.1
2026-07-10,TG001,Hyderabad_Sanathnagar,17.45,78.43,75.36,107.72,0.4283118064659375,24.96,77.98,4.31,1292.3
2026-07-10,BR001,Patna_Sanjay_Gandhi,25.6,85.1,134.97,234.36,0.7143732956787917,23.97,69.57,3.78,897.8
2026-07-10,UP001,Lucknow_Lalbagh,26.85,80.94,142.22,216.99,0.7875579697274017,21.95,54.71,1.72,823.4
2026-07-10,RJ001,Jaipur_Adarsh_Nagar,26.9,75.82,98.29,184.48,0.6104464711118158,21.64,48.25,3.95,836.2
2026-07-10,GJ001,Ahmedabad_Maninagar,23.0,72.61,67.62,116.86,0.5170542578274362,22.38,49.62,4.08,906.2
2026-07-11,DL001,Delhi_RK_Puram,28.56,77.18,183.49,336.51,0.6944207783105414,20.15,46.55,1.14,786.1
2026-07-11,MH001,Mumbai_Bandra,19.05,72.84,43.72,62.71,0.38904426089729227,26.54,61.22,1.66,1085.6
2026-07-11,WB001,Kolkata_Victoria,22.54,88.34,96.27,187.6,0.5601081436183927,21.93,70.15,2.28,1275.1
2026-07-11,TN001,Chennai_Alandur,13.0,80.2,49.13,73.77,0.3790434841067644,26.63,81.91,3.94,1251.0
2026-07-11,KA001,Bengaluru_Silk_Board,12.92,77.62,49.99,82.19,0.35029760956969846,29.39,76.55,1.97,1307.1
2026-07-11,TG001,Hyderabad_Sanathnagar,17.45,78.43,53.6,89.58,0.5480348196659309,27.32,69.43,3.64,1187.3
2026-07-11,BR001,Patna_Sanjay_Gandhi,25.6,85.1,157.36,224.38,0.6443731084584331,22.16,64.08,3.95,1171.3
2026-07-11,UP001,Lucknow_Lalbagh,26.85,80.94,141.11,270.08,0.7838795460428555,21.85,49.06,2.98,1014.9
2026-07-11,RJ001,Jaipur_Adarsh_Nagar,26.9,75.82,72.07,121.54,0.6762948460174093,21.91,50.82,0.86,903.9
2026-07-11,GJ001,Ahmedabad_Maninagar,23.0,72.61,108.31,179.83,0.4922290461737255,21.29,51.28,3.48,809.8
2026-07-12,DL001,Delhi_RK_Puram,28.56,77.18,190.1,271.26,0.6417022091397588,20.67,51.72,4.27,727.5
2026-07-12,MH001,Mumbai_Bandra,19.05,72.84,68.15,104.14,0.43871651453151783,24.57,61.24,4.09,928.1
2026-07-12,WB001,Kolkata_Victoria,22.54,88.34,95.05,152.78,0.5225988155400139,23.46,72.25,2.12,1304.7
2026-07-12,TN001,Chennai_Alandur,13.0,80.2,55.09,82.05,0.379298726241938,28.59,85.48,1.2,1295.7
2026-07-12,KA001,Bengaluru_Silk_Board,12.92,77.62,37.45,55.75,0.422475868177987,28.02,79.18,2.92,1353.2
2026-07-12,TG001,Hyderabad_Sanathnagar,17.45,78.43,55.72,92.92,0.5025543744904952,27.61,64.7,3.83,1020.7
2026-07-12,BR001,Patna_Sanjay_Gandhi,25.6,85.1,152.09,270.09,0.561641446217238,21.22,61.22,2.66,1143.8
2026-07-12,UP001,Lucknow_Lalbagh,26.85,80.94,165.41,276.34,0.6872833645465477,21.91,60.07,2.27,1101.1
2026-07-12,RJ001,Jaipur_Adarsh_Nagar,26.9,75.82,104.89,184.99,0.6786050511702605,23.42,46.62,1.24,752.0
2026-07-12,GJ001,Ahmedabad_Maninagar,23.0,72.61,93.13,184.02,0.5527590800671198,23.12,53.52,3.79,976.4
2026-07-13,DL001,Delhi_RK_Puram,28.56,77.18,161.61,293.68,0.6011999180395331,21.67,47.42,2.98,1069.6
2026-07-13,MH001,Mumbai_Bandra,19.05,72.84,33.66,51.17,0.4335803210100673,24.52,61.7,3.45,817.7
2026-07-13,WB001,Kolkata_Victoria,22.54,88.34,65.79,122.57,0.4962659878596911,24.9,81.95,0.6,1572.2
2026-07-13,TN001,Chennai_Alandur,13.0,80.2,76.33,145.28,0.4237614545255912,26.26,88.42,1.77,1257.1
2026-07-13,KA001,Bengaluru_Silk_Board,12.92,77.62,24.55,42.25,0.37570514132238525,27.14,73.18,1.67,1459.4
2026-07-13,TG001,Hyderabad_Sanathnagar,17.45,78.43,62.04,117.46,0.36417815233545303,23.63,72.92,4.07,961.4
2026-07-13,BR001,Patna_Sanjay_Gandhi,25.6,85.1,151.35,229.18,0.5929427543315424,24.16,68.83,2.59,945.6
2026-07-13,UP001,Lucknow_Lalbagh,26.85,80.94,151.68,256.18,0.7463899516357376,22.19,56.51,3.76,1134.6
2026-07-13,RJ001,Jaipur_Adarsh_Nagar,26.9,75.82,72.55,141.4,0.5882937972195545,22.16,45.4,4.26,853.3
2026-07-13,GJ001,Ahmedabad_Maninagar,23.0,72.61,100.35,142.63,0.4420022681702449,23.57,48.9,3.05,829.2
2026-07-14,DL001,Delhi_RK_Puram,28.56,77.18,208.65,375.43,0.6183168020060936,18.22,50.97,3.57,831.9
2026-07-14,MH001,Mumbai_Bandra,19.05,72.84,56.05,96.4,0.5315995371095109,23.67,67.11,1.01,979.9
2026-07-14,WB001,Kolkata_Victoria,22.54,88.34,85.05,152.13,0.4357255148935337,24.04,73.06,2.94,1348.1
2026-07-14,TN001,Chennai_Alandur,13.0,80.2,53.57,100.91,0.3663173247783864,28.19,83.17,3.0,1254.1
2026-07-14,KA001,Bengaluru_Silk_Board,12.92,77.62,20.99,40.52,0.41408111210181786,27.71,82.18,2.23,1242.5
2026-07-14,TG001,Hyderabad_Sanathnagar,17.45,78.43,41.68,82.58,0.4705361285318346,23.12,73.61,3.42,1112.9
2026-07-14,BR001,Patna_Sanjay_Gandhi,25.6,85.1,146.51,260.54,0.50984739680427,23.04,61.95,4.9,1052.2
2026-07-14,UP001,Lucknow_Lalbagh,26.85,80.94,168.16,246.49,0.8088803787443789,20.26,52.71,2.5,830.8
2026-07-14,RJ001,Jaipur_Adarsh_Nagar,26.9,75.82,86.35,128.48,0.6786717191597228,23.0,48.1,2.07,795.7
2026-07-14,GJ001,Ahmedabad_Maninagar,23.0,72.61,113.85,188.22,0.48081823013321984,24.54,51.87,2.05,1002.6
2026-07-15,DL001,Delhi_RK_Puram,28.56,77.18,159.3,300.94,0.5958222073023172,20.3,45.34,2.89,819.3
2026-07-15,MH001,Mumbai_Bandra,19.05,72.84,70.49,138.51,0.3845488467983754,26.49,62.02,2.81,1115.1
2026-07-15,WB001,Kolkata_Victoria,22.54,88.34,91.51,156.16,0.44427199602963285,24.77,71.16,4.26,1183.1
2026-07-15,TN001,Chennai_Alandur,13.0,80.2,35.19,59.07,0.2925022009019034,26.84,80.36,2.49,1434.6
2026-07-15,KA001,Bengaluru_Silk_Board,12.92,77.62,49.23,84.95,0.32725030540666067,27.56,80.99,4.25,1403.5
2026-07-15,TG001,Hyderabad_Sanathnagar,17.45,78.43,63.31,95.91,0.4624951102258356,27.38,74.6,1.24,1289.8
2026-07-15,BR001,Patna_Sanjay_Gandhi,25.6,85.1,156.23,267.34,0.5261414133892318,23.53,64.73,3.35,1168.4
2026-07-15,UP001,Lucknow_Lalbagh,26.85,80.94,160.96,248.35,0.7595987333250731,23.21,54.41,3.99,1001.0
2026-07-15,RJ001,Jaipur_Adarsh_Nagar,26.9,75.82,84.54,122.21,0.5526491060470544,24.24,45.02,2.98,897.2
2026-07-15,GJ001,Ahmedabad_Maninagar,23.0,72.61,103.52,175.11,0.3967895185728237,23.82,54.7,2.2,897.7
2026-07-16,DL001,Delhi_RK_Puram,28.56,77.18,200.35,395.31,0.5716729150291626,20.26,51.08,3.68,918.1
2026-07-16,MH001,Mumbai_Bandra,19.05,72.84,78.73,147.89,0.3553461532618542,26.17,61.78,3.68,1007.2
2026-07-16,WB001,Kolkata_Victoria,22.54,88.34,99.21,192.09,0.41957792347302947,23.66,70.79,2.46,1357.3
2026-07-16,TN001,Chennai_Alandur,13.0,80.2,46.86,70.99,0.2867870857581296,29.86,83.86,1.91,1252.9
2026-07-16,KA001,Bengaluru_Silk_Board,12.92,77.62,50.81,73.75,0.35746019323125683,26.4,79.05,1.62,1377.4
2026-07-16,TG001,Hyderabad_Sanathnagar,17.45,78.43,72.78,102.85,0.44952662572238555,27.63,73.05,4.6,1144.4
2026-07-16,BR001,Patna_Sanjay_Gandhi,25.6,85.1,156.45,276.73,0.5777268173740708,24.89,64.23,2.06,1056.9
2026-07-16,UP001,Lucknow_Lalbagh,26.85,80.94,151.61,221.48,0.7171790987228872,19.09,51.87,3.45,1097.2
2026-07-16,RJ001,Jaipur_Adarsh_Nagar,26.9,75.82,102.08,145.92,0.536211123879767,21.92,52.45,1.08,984.7
2026-07-16,GJ001,Ahmedabad_Maninagar,23.0,72.61,79.95,149.28,0.39205216894457395,25.07,55.51,3.1,961.5
2026-07-17,DL001,Delhi_RK_Puram,28.56,77.18,187.17,349.91,0.4809656275802294,18.42,57.14,1.56,957.6
2026-07-17,MH001,Mumbai_Bandra,19.05,72.84,60.34,91.77,0.29431312481820743,24.0,54.09,2.79,1102.1
2026-07-17,WB001,Kolkata_Victoria,22.54,88.34,111.94,157.67,0.4357374195660343,22.54,64.86,1.44,1375.2
2026-07-17,TN001,Chennai_Alandur,13.0,80.2,47.23,90.73,0.3043826652864921,26.99,87.3,1.43,1437.0
2026-07-17,KA001,Bengaluru_Silk_Board,12.92,77.62,29.74,53.08,0.315150476690601,27.3,79.59,4.34,1396.8
2026-07-17,TG001,Hyderabad_Sanathnagar,17.45,78.43,66.75,102.06,0.3858152604907049,25.25,61.58,3.97,1232.8
2026-07-17,BR001,Patna_Sanjay_Gandhi,25.6,85.1,150.06,214.37,0.5236743695827116,21.78,68.59,3.08,1140.5
2026-07-17,UP001,Lucknow_Lalbagh,26.85,80.94,152.13,251.67,0.731194820437106,20.93,58.34,2.12,943.0
2026-07-17,RJ001,Jaipur_Adarsh_Nagar,26.9,75.82,56.9,97.58,0.5544658496359838,22.0,45.35,0.84,776.5
2026-07-17,GJ001,Ahmedabad_Maninagar,23.0,72.61,111.72,186.21,0.4943214864488818,23.56,47.3,3.16,880.2
2026-07-18,DL001,Delhi_RK_Puram,28.56,77.18,162.64,284.78,0.5779046238423213,20.25,49.77,4.15,1009.9
2026-07-18,MH001,Mumbai_Bandra,19.05,72.84,68.8,101.03,0.39089755696527506,26.84,68.05,1.72,1168.5
2026-07-18,WB001,Kolkata_Victoria,22.54,88.34,104.97,194.67,0.4719157117217208,24.76,64.62,2.52,1204.3
2026-07-18,TN001,Chennai_Alandur,13.0,80.2,52.73,90.58,0.23692722288894658,28.9,77.51,0.58,1350.9
2026-07-18,KA001,Bengaluru_Silk_Board,12.92,77.62,38.6,64.44,0.3095276905317509,29.2,81.64,2.07,1228.6
2026-07-18,TG001,Hyderabad_Sanathnagar,17.45,78.43,47.65,73.71,0.38342423367731066,22.18,67.34,2.76,1227.8
2026-07-18,BR001,Patna_Sanjay_Gandhi,25.6,85.1,136.31,194.1,0.5099218050037077,23.79,59.89,2.04,1087.9
2026-07-18,UP001,Lucknow_Lalbagh,26.85,80.94,168.22,298.88,0.6297607056745486,26.17,55.97,1.7,952.4
2026-07-18,RJ001,Jaipur_Adarsh_Nagar,26.9,75.82,106.11,155.86,0.5734488254990753,22.63,52.7,1.83,1038.4
2026-07-18,GJ001,Ahmedabad_Maninagar,23.0,72.61,106.69,193.54,0.3847652746969674,26.15,52.08,4.37,695.3
2026-07-19,DL001,Delhi_RK_Puram,28.56,77.18,168.42,318.46,0.48703015877507594,20.47,47.46,2.27,756.2
2026-07-19,MH001,Mumbai_Bandra,19.05,72.84,60.1,119.9,0.41610396586595794,26.44,67.18,3.67,1015.0
2026-07-19,WB001,Kolkata_Victoria,22.54,88.34,96.39,154.93,0.32802294305516355,22.23,68.67,2.41,1044.3
2026-07-19,TN001,Chennai_Alandur,13.0,80.2,44.33,80.01,0.30866052806853367,29.7,79.45,3.19,1242.2
2026-07-19,KA001,Bengaluru_Silk_Board,12.92,77.62,39.8,57.87,0.2621327533814896,30.76,76.9,2.94,1404.7
2026-07-19,TG001,Hyderabad_Sanathnagar,17.45,78.43,58.88,102.0,0.4044669906332426,27.21,69.66,2.91,1234.7
2026-07-19,BR001,Patna_Sanjay_Gandhi,25.6,85.1,122.22,185.74,0.5126287547929563,20.48,62.12,2.47,946.9
2026-07-19,UP001,Lucknow_Lalbagh,26.85,80.94,140.92,238.94,0.662921338920284,22.31,54.34,1.2,800.2
2026-07-19,RJ001,Jaipur_Adarsh_Nagar,26.9,75.82,86.94,140.44,0.4631757094630388,22.28,53.0,1.32,835.6
2026-07-19,GJ001,Ahmedabad_Maninagar,23.0,72.61,91.13,132.53,0.39590855974157935,22.14,57.99,1.96,1070.6
2026-07-20,DL001,Delhi_RK_Puram,28.56,77.18,199.56,329.14,0.606179150152188,19.73,55.8,2.2,847.5
2026-07-20,MH001,Mumbai_Bandra,19.05,72.84,60.97,102.22,0.3500168076530528,28.43,64.74,3.04,922.3
2026-07-20,WB001,Kolkata_Victoria,22.54,88.34,66.2,122.86,0.3680908638203753,25.32,76.45,4.17,1114.5
2026-07-20,TN001,Chennai_Alandur,13.0,80.2,36.16,69.1,0.17148657448825777,28.74,80.66,2.27,1141.7
2026-07-20,KA001,Bengaluru_Silk_Board,12.92,77.62,44.08,80.13,0.3074837230516196,27.75,76.38,3.04,1281.0
2026-07-20,TG001,Hyderabad_Sanathnagar,17.45,78.43,57.34,90.23,0.29760885722030517,25.18,70.62,2.32,1284.2
2026-07-20,BR001,Patna_Sanjay_Gandhi,25.6,85.1,144.23,224.42,0.44698209377240944,20.57,67.83,3.28,1162.0
2026-07-20,UP001,Lucknow_Lalbagh,26.85,80.94,144.75,218.15,0.6606771470682304,20.53,60.09,2.74,937.9
2026-07-20,RJ001,Jaipur_Adarsh_Nagar,26.9,75.82,73.08,114.06,0.5244948076186163,19.21,34.97,3.36,1058.7
2026-07-20,GJ001,Ahmedabad_Maninagar,23.0,72.61,103.4,198.42,0.29120895529365476,22.89,48.4,3.72,836.9
2026-07-21,DL001,Delhi_RK_Puram,28.56,77.18,201.8,397.26,0.5536615260420368,21.81,46.66,3.28,648.9
2026-07-21,MH001,Mumbai_Bandra,19.05,72.84,67.22,101.86,0.3163223836992095,25.72,59.39,2.37,1137.4
2026-07-21,WB001,Kolkata_Victoria,22.54,88.34,79.87,150.48,0.414443159404417,25.23,66.67,3.26,1091.0
2026-07-21,TN001,Chennai_Alandur,13.0,80.2,38.73,73.03,0.28678017327140876,27.13,84.14,4.54,1413.2
2026-07-21,KA001,Bengaluru_Silk_Board,12.92,77.62,12.78,21.07,0.21449102739796538,25.7,76.1,3.93,1261.3
2026-07-21,TG001,Hyderabad_Sanathnagar,17.45,78.43,64.58,105.04,0.34415753250645176,25.23,71.22,2.2,1090.3
2026-07-21,BR001,Patna_Sanjay_Gandhi,25.6,85.1,132.2,235.98,0.5275797707248386,20.82,67.42,2.67,950.0
2026-07-21,UP001,Lucknow_Lalbagh,26.85,80.94,149.62,222.04,0.7009923865482045,25.8,63.68,2.76,1046.4
2026-07-21,RJ001,Jaipur_Adarsh_Nagar,26.9,75.82,59.3,104.77,0.5195889718056962,23.74,60.99,4.66,933.0
2026-07-21,GJ001,Ahmedabad_Maninagar,23.0,72.61,116.45,189.6,0.33634295380812734,23.31,50.43,3.75,892.2
2026-07-22,DL001,Delhi_RK_Puram,28.56,77.18,188.44,342.58,0.4389051848552552,20.28,49.99,4.21,882.7
2026-07-22,MH001,Mumbai_Bandra,19.05,72.84,66.96,110.1,0.2282782470946553,23.63,59.7,2.43,1057.1
2026-07-22,WB001,Kolkata_Victoria,22.54,88.34,87.79,149.94,0.2993888493616183,24.1,65.01,0.8,1183.9
2026-07-22,TN001,Chennai_Alandur,13.0,80.2,64.31,115.72,0.29043284211942455,27.19,76.06,1.33,1272.8
2026-07-22,KA001,Bengaluru_Silk_Board,12.92,77.62,24.31,37.3,0.21778161185043696,26.15,76.1,2.84,1207.6
2026-07-22,TG001,Hyderabad_Sanathnagar,17.45,78.43,57.47,102.12,0.2527781401323941,25.86,74.12,1.64,998.9
2026-07-22,BR001,Patna_Sanjay_Gandhi,25.6,85.1,123.21,194.74,0.528012021555098,24.2,65.24,1.82,1044.6
2026-07-22,UP001,Lucknow_Lalbagh,26.85,80.94,143.72,209.55,0.613836518597686,24.08,50.83,3.6,1101.7
2026-07-22,RJ001,Jaipur_Adarsh_Nagar,26.9,75.82,90.84,151.07,0.41724908902906294,20.59,48.14,0.6,677.1
2026-07-22,GJ001,Ahmedabad_Maninagar,23.0,72.61,105.42,149.48,0.41496240756297603,24.14,45.92,1.58,821.6
2026-07-23,DL001,Delhi_RK_Puram,28.56,77.18,172.9,341.78,0.4347446583654557,22.89,41.6,2.27,1044.3
2026-07-23,MH001,Mumbai_Bandra,19.05,72.84,42.74,62.2,0.21248725355908066,26.82,69.13,3.29,1041.1
2026-07-23,WB001,Kolkata_Victoria,22.54,88.34,70.71,115.87,0.29343776829404594,24.22,70.22,0.96,1275.9
2026-07-23,TN001,Chennai_Alandur,13.0,80.2,57.2,100.56,0.2008152640797518,25.92,77.79,1.1,1294.9
2026-07-23,KA001,Bengaluru_Silk_Board,12.92,77.62,31.5,51.73,0.22446224307386095,29.74,88.18,3.68,1353.4
2026-07-23,TG001,Hyderabad_Sanathnagar,17.45,78.43,50.08,83.31,0.3801382005747301,28.53,77.93,2.2,1161.0
2026-07-23,BR001,Patna_Sanjay_Gandhi,25.6,85.1,143.94,241.92,0.42091043203837797,21.51,65.04,2.96,1307.4
2026-07-23,UP001,Lucknow_Lalbagh,26.85,80.94,163.12,240.89,0.6541683923835793,25.3,60.82,3.19,946.7
2026-07-23,RJ001,Jaipur_Adarsh_Nagar,26.9,75.82,87.78,147.63,0.48723197095147514,19.77,45.62,2.72,860.0
2026-07-23,GJ001,Ahmedabad_Maninagar,23.0,72.61,91.28,152.62,0.3161014440187566,23.42,55.75,3.74,1067.0
2026-07-24,DL001,Delhi_RK_Puram,28.56,77.18,185.44,287.5,0.4370259809785505,19.96,51.24,2.58,921.7
2026-07-24,MH001,Mumbai_Bandra,19.05,72.84,81.74,160.47,0.2985855921300596,27.58,58.83,4.02,1104.6
2026-07-24,WB001,Kolkata_Victoria,22.54,88.34,80.32,159.03,0.3769371303368235,23.25,69.02,2.78,1384.9
2026-07-24,TN001,Chennai_Alandur,13.0,80.2,56.08,111.33,0.24659864863794237,29.08,86.02,4.15,1336.8
2026-07-24,KA001,Bengaluru_Silk_Board,12.92,77.62,53.72,107.27,0.2206193439794024,30.12,68.82,3.4,1389.2
2026-07-24,TG001,Hyderabad_Sanathnagar,17.45,78.43,37.39,58.76,0.35008379196461387,27.1,73.94,3.11,1162.1
2026-07-24,BR001,Patna_Sanjay_Gandhi,25.6,85.1,127.43,207.45,0.43637232306663243,21.92,64.43,3.58,1221.6
2026-07-24,UP001,Lucknow_Lalbagh,26.85,80.94,164.13,280.29,0.6466273661654212,20.17,60.71,3.04,1005.2
2026-07-24,RJ001,Jaipur_Adarsh_Nagar,26.9,75.82,80.72,136.91,0.5244666798601594,24.64,49.25,2.76,772.2
2026-07-24,GJ001,Ahmedabad_Maninagar,23.0,72.61,85.75,158.37,0.43527057690478366,23.56,53.43,4.11,787.2
2026-07-25,DL001,Delhi_RK_Puram,28.56,77.18,192.67,366.44,0.5175691271617011,19.96,48.15,1.96,749.8
2026-07-25,MH001,Mumbai_Bandra,19.05,72.84,64.23,106.6,0.2542282877422222,23.5,66.57,3.94,951.2
2026-07-25,WB001,Kolkata_Victoria,22.54,88.34,103.76,150.87,0.3596875828547506,24.24,69.54,3.27,1138.2
2026-07-25,TN001,Chennai_Alandur,13.0,80.2,63.11,104.99,0.30779802702592285,30.15,82.6,0.82,1241.4
2026-07-25,KA001,Bengaluru_Silk_Board,12.92,77.62,11.65,23.02,0.2366406471689728,27.3,87.76,3.08,1258.2
2026-07-25,TG001,Hyderabad_Sanathnagar,17.45,78.43,50.61,88.87,0.3128119236552343,25.89,68.15,2.27,1131.5
2026-07-25,BR001,Patna_Sanjay_Gandhi,25.6,85.1,132.87,237.47,0.4502414808970986,22.95,70.69,1.91,1078.4
2026-07-25,UP001,Lucknow_Lalbagh,26.85,80.94,127.58,198.03,0.6056128236248005,23.15,50.31,2.84,1224.3
2026-07-25,RJ001,Jaipur_Adarsh_Nagar,26.9,75.82,115.47,183.08,0.5575131016567254,21.67,52.45,2.32,835.6
2026-07-25,GJ001,Ahmedabad_Maninagar,23.0,72.61,93.97,136.42,0.21163708948651294,23.92,61.53,0.89,913.4
2026-07-26,DL001,Delhi_RK_Puram,28.56,77.18,173.69,285.77,0.5774796187109911,18.1,50.64,2.11,743.0
2026-07-26,MH001,Mumbai_Bandra,19.05,72.84,50.85,90.47,0.27975014730076947,23.62,65.81,2.66,964.8
2026-07-26,WB001,Kolkata_Victoria,22.54,88.34,71.04,135.41,0.3650440440694936,25.09,68.54,2.74,1420.0
2026-07-26,TN001,Chennai_Alandur,13.0,80.2,31.32,60.14,0.2834991303573555,27.37,77.19,1.75,1429.7
2026-07-26,KA001,Bengaluru_Silk_Board,12.92,77.62,28.54,54.84,0.2622839250357576,29.03,78.44,0.25,1237.7
2026-07-26,TG001,Hyderabad_Sanathnagar,17.45,78.43,65.4,119.94,0.286987661203705,24.06,72.09,1.8,1024.5
2026-07-26,BR001,Patna_Sanjay_Gandhi,25.6,85.1,131.05,210.82,0.49329165173439793,22.22,69.03,1.71,941.0
2026-07-26,UP001,Lucknow_Lalbagh,26.85,80.94,174.64,299.28,0.5942235601042102,21.87,57.13,3.55,924.3
2026-07-26,RJ001,Jaipur_Adarsh_Nagar,26.9,75.82,84.69,147.31,0.49499084486200395,21.91,43.78,0.92,774.1
2026-07-26,GJ001,Ahmedabad_Maninagar,23.0,72.61,97.42,184.92,0.3713778181672087,20.22,48.07,3.18,967.3
2026-07-27,DL001,Delhi_RK_Puram,28.56,77.18,164.41,240.33,0.5994005668092299,20.67,53.32,3.4,727.0
2026-07-27,MH001,Mumbai_Bandra,19.05,72.84,79.92,143.27,0.3429894063053593,25.11,64.06,2.37,846.7
2026-07-27,WB001,Kolkata_Victoria,22.54,88.34,89.08,164.61,0.33738584379968295,24.52,68.89,3.67,1218.1
2026-07-27,TN001,Chennai_Alandur,13.0,80.2,17.66,31.94,0.25129377212439247,30.26,78.3,1.42,1322.8
2026-07-27,KA001,Bengaluru_Silk_Board,12.92,77.62,21.6,39.95,0.14012449905105234,29.23,81.8,2.95,1413.5
2026-07-27,TG001,Hyderabad_Sanathnagar,17.45,78.43,57.86,89.71,0.20706257892646948,26.73,69.82,3.19,1308.8
2026-07-27,BR001,Patna_Sanjay_Gandhi,25.6,85.1,128.53,189.1,0.43820151711305094,20.37,62.8,1.01,1121.9
2026-07-27,UP001,Lucknow_Lalbagh,26.85,80.94,135.18,250.66,0.6122790281740041,23.15,58.5,2.71,908.9
2026-07-27,RJ001,Jaipur_Adarsh_Nagar,26.9,75.82,87.7,130.54,0.4636652954717939,22.16,46.83,2.16,884.3
2026-07-27,GJ001,Ahmedabad_Maninagar,23.0,72.61,111.03,181.58,0.37725351629200954,25.15,50.64,1.94,798.1
2026-07-28,DL001,Delhi_RK_Puram,28.56,77.18,199.79,388.92,0.5834700397827894,21.29,48.84,0.46,986.7
2026-07-28,MH001,Mumbai_Bandra,19.05,72.84,53.84,88.29,0.430053528988266,24.67,70.96,4.47,926.2
2026-07-28,WB001,Kolkata_Victoria,22.54,88.34,95.99,149.25,0.32505446590892173,23.78,68.95,2.94,1107.4
2026-07-28,TN001,Chennai_Alandur,13.0,80.2,22.66,41.3,0.29649895668946186,27.74,77.24,2.67,1526.5
2026-07-28,KA001,Bengaluru_Silk_Board,12.92,77.62,5.32,9.18,0.25101451802909913,27.71,79.78,2.28,1305.2
2026-07-28,TG001,Hyderabad_Sanathnagar,17.45,78.43,71.03,131.13,0.341266669622925,25.74,72.51,3.88,1294.1
2026-07-28,BR001,Patna_Sanjay_Gandhi,25.6,85.1,142.82,231.47,0.4331526106316036,22.84,64.76,3.84,1113.1
2026-07-28,UP001,Lucknow_Lalbagh,26.85,80.94,153.38,294.65,0.7102171785255548,23.3,60.1,4.37,830.3
2026-07-28,RJ001,Jaipur_Adarsh_Nagar,26.9,75.82,100.4,165.74,0.5367412398722854,20.66,41.89,0.72,932.7
2026-07-28,GJ001,Ahmedabad_Maninagar,23.0,72.61,77.54,141.25,0.3557601377864469,24.11,45.53,1.54,907.7
2026-07-29,DL001,Delhi_RK_Puram,28.56,77.18,153.88,292.94,0.5642558566040855,18.79,46.17,1.86,891.5
2026-07-29,MH001,Mumbai_Bandra,19.05,72.84,59.82,88.66,0.37713778511776924,28.87,65.66,3.12,1205.8
2026-07-29,WB001,Kolkata_Victoria,22.54,88.34,95.5,172.41,0.444059216041564,22.88,78.59,2.23,1270.4
2026-07-29,TN001,Chennai_Alandur,13.0,80.2,55.54,85.19,0.2328616637325539,29.22,77.28,2.17,1345.6
2026-07-29,KA001,Bengaluru_Silk_Board,12.92,77.62,22.93,34.12,0.3339364143225021,28.08,81.83,4.53,1264.3
2026-07-29,TG001,Hyderabad_Sanathnagar,17.45,78.43,45.92,81.39,0.3394740589394404,26.03,73.58,1.43,1219.0
2026-07-29,BR001,Patna_Sanjay_Gandhi,25.6,85.1,137.16,209.65,0.4600100193109678,23.39,64.6,3.35,1056.2
2026-07-29,UP001,Lucknow_Lalbagh,26.85,80.94,150.21,290.38,0.6111682337688762,20.42,63.03,2.78,930.0
2026-07-29,RJ001,Jaipur_Adarsh_Nagar,26.9,75.82,62.21,100.87,0.5165209654666446,22.31,49.77,2.11,806.1
2026-07-29,GJ001,Ahmedabad_Maninagar,23.0,72.61,90.84,162.78,0.36939841184254174,24.11,48.86,1.38,750.0
2026-07-30,DL001,Delhi_RK_Puram,28.56,77.18,170.79,259.74,0.5474996735451942,19.93,53.71,3.96,774.2
2026-07-30,MH001,Mumbai_Bandra,19.05,72.84,79.21,152.37,0.4342520615781736,27.42,52.9,2.67,1019.8
2026-07-30,WB001,Kolkata_Victoria,22.54,88.34,86.94,123.88,0.5020757879086116,23.1,72.89,3.55,1298.9
2026-07-30,TN001,Chennai_Alandur,13.0,80.2,56.36,90.24,0.28779912128394214,29.2,82.89,2.08,1272.2
2026-07-30,KA001,Bengaluru_Silk_Board,12.92,77.62,56.01,97.69,0.35135567083517544,27.88,85.74,4.09,1414.8
2026-07-30,TG001,Hyderabad_Sanathnagar,17.45,78.43,36.39,57.4,0.3311720959039246,26.13,67.85,3.18,1073.8
2026-07-30,BR001,Patna_Sanjay_Gandhi,25.6,85.1,156.38,299.4,0.4688419759434471,20.2,64.22,2.81,1213.2
2026-07-30,UP001,Lucknow_Lalbagh,26.85,80.94,129.48,222.25,0.7796759623053802,22.58,57.24,2.23,1063.0
2026-07-30,RJ001,Jaipur_Adarsh_Nagar,26.9,75.82,56.0,81.19,0.5433597647825933,23.54,48.19,4.73,908.3
2026-07-30,GJ001,Ahmedabad_Maninagar,23.0,72.61,93.98,178.55,0.4153932689212781,25.19,50.08,3.27,955.6
2026-07-31,DL001,Delhi_RK_Puram,28.56,77.18,167.81,259.68,0.5546665077781158,22.84,49.22,3.7,550.4
2026-07-31,MH001,Mumbai_Bandra,19.05,72.84,74.31,120.57,0.4039713159617139,25.71,57.06,2.08,1134.8
2026-07-31,WB001,Kolkata_Victoria,22.54,88.34,90.86,178.14,0.3666035731543184,24.59,65.08,1.41,1182.4
2026-07-31,TN001,Chennai_Alandur,13.0,80.2,36.87,53.31,0.29259128078739854,27.0,85.87,4.52,1378.1
2026-07-31,KA001,Bengaluru_Silk_Board,12.92,77.62,37.17,62.64,0.26963884376376995,25.7,84.04,1.77,1319.5
2026-07-31,TG001,Hyderabad_Sanathnagar,17.45,78.43,37.79,53.93,0.42032655147818637,25.94,70.4,2.87,1168.3
2026-07-31,BR001,Patna_Sanjay_Gandhi,25.6,85.1,138.9,267.05,0.5460447538859327,22.46,63.78,3.96,1018.5
2026-07-31,UP001,Lucknow_Lalbagh,26.85,80.94,147.05,231.29,0.6601544413316259,22.11,53.31,3.05,815.8
2026-07-31,RJ001,Jaipur_Adarsh_Nagar,26.9,75.82,86.49,159.67,0.604217855837099,21.76,60.29,2.35,794.9
2026-07-31,GJ001,Ahmedabad_Maninagar,23.0,72.61,94.39,168.57,0.5321497274772407,22.84,49.94,3.47,1029.0
2026-08-01,DL001,Delhi_RK_Puram,28.56,77.18,189.27,314.53,0.6437481039201753,19.86,50.91,2.94,1006.0
2026-08-01,MH001,Mumbai_Bandra,19.05,72.84,74.02,112.69,0.48637452294729516,27.12,62.51,3.23,1194.8
2026-08-01,WB001,Kolkata_Victoria,22.54,88.34,69.85,132.74,0.43638636739686715,24.7,66.96,3.69,1282.7
2026-08-01,TN001,Chennai_Alandur,13.0,80.2,42.71,69.0,0.3667922107941729,25.97,78.96,2.52,1540.9
2026-08-01,KA001,Bengaluru_Silk_Board,12.92,77.62,36.15,54.59,0.308444527775381,27.72,87.51,3.67,1275.2
2026-08-01,TG001,Hyderabad_Sanathnagar,17.45,78.43,68.3,108.2,0.4608439577815938,25.48,74.03,1.82,1313.1
2026-08-01,BR001,Patna_Sanjay_Gandhi,25.6,85.1,125.03,232.9,0.6272599724865847,23.0,60.27,3.52,1232.1
2026-08-01,UP001,Lucknow_Lalbagh,26.85,80.94,151.83,278.66,0.7563253316057093,22.71,45.92,4.81,1041.6
2026-08-01,RJ001,Jaipur_Adarsh_Nagar,26.9,75.82,75.22,134.66,0.6155721260693962,18.84,52.02,4.58,896.5
2026-08-01,GJ001,Ahmedabad_Maninagar,23.0,72.61,102.09,203.24,0.5226271527695111,22.76,52.23,3.97,699.9
2026-08-02,DL001,Delhi_RK_Puram,28.56,77.18,178.65,349.62,0.6890169869256991,19.96,50.56,1.18,999.8
2026-08-02,MH001,Mumbai_Bandra,19.05,72.84,80.86,133.03,0.41753034050568677,27.13,59.7,4.3,979.7
2026-08-02,WB001,Kolkata_Victoria,22.54,88.34,93.84,135.5,0.501440217700606,23.88,78.44,2.47,1232.5
2026-08-02,TN001,Chennai_Alandur,13.0,80.2,39.3,59.36,0.302574475146923,24.91,82.79,3.21,1224.0
2026-08-02,KA001,Bengaluru_Silk_Board,12.92,77.62,37.65,57.41,0.3573257757213624,28.93,78.54,2.93,1326.5
2026-08-02,TG001,Hyderabad_Sanathnagar,17.45,78.43,65.17,91.28,0.39908670862588264,25.57,73.37,2.04,1309.6
2026-08-02,BR001,Patna_Sanjay_Gandhi,25.6,85.1,131.54,210.34,0.5039055891545259,22.65,63.5,2.87,1202.4
2026-08-02,UP001,Lucknow_Lalbagh,26.85,80.94,167.44,285.48,0.7765680789277266,23.08,56.63,3.16,1063.0
2026-08-02,RJ001,Jaipur_Adarsh_Nagar,26.9,75.82,103.86,204.84,0.6255349282874986,22.96,54.04,2.23,804.7
2026-08-02,GJ001,Ahmedabad_Maninagar,23.0,72.61,112.91,179.75,0.5476518149202618,24.17,56.52,3.41,997.6
2026-08-03,DL001,Delhi_RK_Puram,28.56,77.18,166.03,245.13,0.6392662436362072,19.31,50.47,3.91,859.0
2026-08-03,MH001,Mumbai_Bandra,19.05,72.84,80.42,148.06,0.4099424685687774,25.22,65.87,0.74,950.0
2026-08-03,WB001,Kolkata_Victoria,22.54,88.34,84.69,154.65,0.46919755176996464,25.53,75.56,1.49,1314.6
2026-08-03,TN001,Chennai_Alandur,13.0,80.2,34.32,57.86,0.3561383972338053,28.12,87.78,1.93,1235.8
2026-08-03,KA001,Bengaluru_Silk_Board,12.92,77.62,46.32,77.8,0.36140419634135856,24.71,89.89,3.64,1405.0
2026-08-03,TG001,Hyderabad_Sanathnagar,17.45,78.43,39.03,69.63,0.4179924776590863,27.1,75.19,2.52,1117.4
2026-08-03,BR001,Patna_Sanjay_Gandhi,25.6,85.1,147.6,270.27,0.6016650197048277,21.52,66.68,3.77,1247.0
2026-08-03,UP001,Lucknow_Lalbagh,26.85,80.94,169.55,249.72,0.7143442875510483,22.28,58.4,3.39,893.9
2026-08-03,RJ001,Jaipur_Adarsh_Nagar,26.9,75.82,69.6,105.09,0.6649571107295847,21.91,51.87,3.37,1002.3
2026-08-03,GJ001,Ahmedabad_Maninagar,23.0,72.61,88.73,135.82,0.4900113983420371,21.36,55.5,0.26,1043.4
2026-08-04,DL001,Delhi_RK_Puram,28.56,77.18,191.89,374.74,0.6490200997020846,21.53,50.31,2.38,922.8
2026-08-04,MH001,Mumbai_Bandra,19.05,72.84,87.92,156.4,0.4329958054075255,21.47,55.55,2.53,1010.6
2026-08-04,WB001,Kolkata_Victoria,22.54,88.34,117.22,223.73,0.43485619641228046,24.92,69.34,3.61,1201.5
2026-08-04,TN001,Chennai_Alandur,13.0,80.2,43.91,77.62,0.43366305996149646,31.96,79.37,1.84,1291.4
2026-08-04,KA001,Bengaluru_Silk_Board,12.92,77.62,31.07,54.46,0.34755048814326894,29.95,72.21,3.25,1293.2
2026-08-04,TG001,Hyderabad_Sanathnagar,17.45,78.43,34.93,59.5,0.5023017273222503,26.15,70.23,2.9,1123.8
2026-08-04,BR001,Patna_Sanjay_Gandhi,25.6,85.1,139.91,258.96,0.5606026791743767,26.13,58.03,1.94,1126.0
2026-08-04,UP001,Lucknow_Lalbagh,26.85,80.94,148.41,290.52,0.7948735720149414,21.49,54.15,1.05,1043.8
2026-08-04,RJ001,Jaipur_Adarsh_Nagar,26.9,75.82,95.09,137.77,0.6752159319166393,20.67,53.94,3.81,948.7
2026-08-04,GJ001,Ahmedabad_Maninagar,23.0,72.61,116.73,176.39,0.584824773212416,22.72,56.16,1.25,799.3
2026-08-05,DL001,Delhi_RK_Puram,28.56,77.18,165.75,252.59,0.7210797624339437,22.16,45.25,3.53,649.3
2026-08-05,MH001,Mumbai_Bandra,19.05,72.84,84.58,151.19,0.4903415120697648,26.46,64.44,3.34,1087.7
2026-08-05,WB001,Kolkata_Victoria,22.54,88.34,71.84,116.61,0.6037401977825149,21.83,69.38,3.51,1367.2
2026-08-05,TN001,Chennai_Alandur,13.0,80.2,38.91,65.49,0.3462840912320248,28.69,84.27,2.69,1345.6
2026-08-05,KA001,Bengaluru_Silk_Board,12.92,77.62,55.31,104.72,0.40929803474819465,27.05,80.46,2.24,1369.7
2026-08-05,TG001,Hyderabad_Sanathnagar,17.45,78.43,48.21,89.04,0.5034834231380828,26.16,70.4,1.46,1218.7
2026-08-05,BR001,Patna_Sanjay_Gandhi,25.6,85.1,163.95,230.2,0.7391793718170171,19.66,65.32,2.25,1064.9
2026-08-05,UP001,Lucknow_Lalbagh,26.85,80.94,164.26,252.72,0.8412143893565963,21.4,58.45,4.14,1023.9
2026-08-05,RJ001,Jaipur_Adarsh_Nagar,26.9,75.82,80.19,128.95,0.6591289328615234,21.74,51.64,1.75,737.5
2026-08-05,GJ001,Ahmedabad_Maninagar,23.0,72.61,85.09,169.07,0.5456010667528414,21.33,50.28,3.22,939.4
2026-08-06,DL001,Delhi_RK_Puram,28.56,77.18,151.41,294.94,0.6600563692091853,19.48,50.02,1.28,973.0
2026-08-06,MH001,Mumbai_Bandra,19.05,72.84,84.79,148.68,0.5728900955582561,24.93,64.43,3.69,1001.8
2026-08-06,WB001,Kolkata_Victoria,22.54,88.34,96.32,163.05,0.49258780929899837,23.96,71.15,3.35,1453.3
2026-08-06,TN001,Chennai_Alandur,13.0,80.2,44.75,64.1,0.48665218564680446,26.1,82.58,2.74,1306.6
2026-08-06,KA001,Bengaluru_Silk_Board,12.92,77.62,47.9,67.54,0.434280557317206,27.27,86.28,2.14,1190.5
2026-08-06,TG001,Hyderabad_Sanathnagar,17.45,78.43,53.02,88.52,0.45732614032400193,29.43,68.63,2.74,1079.2
2026-08-06,BR001,Patna_Sanjay_Gandhi,25.6,85.1,126.88,218.84,0.6034575703558351,20.94,58.68,3.35,1157.4
2026-08-06,UP001,Lucknow_Lalbagh,26.85,80.94,147.8,289.93,0.8256563477955651,23.35,63.51,4.42,939.9
2026-08-06,RJ001,Jaipur_Adarsh_Nagar,26.9,75.82,80.0,157.34,0.6177601870055467,21.02,45.11,2.18,990.9
2026-08-06,GJ001,Ahmedabad_Maninagar,23.0,72.61,88.59,132.23,0.4958803905646652,24.23,51.66,2.66,784.2
2026-08-07,DL001,Delhi_RK_Puram,28.56,77.18,210.68,323.08,0.6537258669932375,22.29,52.91,0.58,914.3
2026-08-07,MH001,Mumbai_Bandra,19.05,72.84,54.12,102.51,0.47674903332984,27.33,62.4,3.19,1224.5
2026-08-07,WB001,Kolkata_Victoria,22.54,88.34,87.15,139.31,0.49739018475555613,24.08,73.59,0.54,1171.0
2026-08-07,TN001,Chennai_Alandur,13.0,80.2,51.99,85.65,0.425822253353996,30.54,85.4,3.27,1354.8
2026-08-07,KA001,Bengaluru_Silk_Board,12.92,77.62,61.95,104.95,0.4716258783641851,27.57,76.81,2.91,1321.9
2026-08-07,TG001,Hyderabad_Sanathnagar,17.45,78.43,58.73,98.45,0.47020914260536306,26.78,75.26,3.07,1329.7
2026-08-07,BR001,Patna_Sanjay_Gandhi,25.6,85.1,153.96,266.58,0.6026263600521908,21.59,61.79,2.56,1057.6
2026-08-07,UP001,Lucknow_Lalbagh,26.85,80.94,139.54,274.5,0.8156827347123394,20.73,52.99,1.28,1116.8
2026-08-07,RJ001,Jaipur_Adarsh_Nagar,26.9,75.82,73.57,118.41,0.6480477203696566,20.8,45.85,3.83,647.6
2026-08-07,GJ001,Ahmedabad_Maninagar,23.0,72.61,78.0,126.83,0.6401339242249866,22.32,50.71,2.39,851.4
2026-08-08,DL001,Delhi_RK_Puram,28.56,77.18,185.14,284.86,0.6378889629863622,20.78,53.44,3.67,819.5
2026-08-08,MH001,Mumbai_Bandra,19.05,72.84,82.32,126.07,0.5594247300635966,23.36,66.18,2.37,1203.6
2026-08-08,WB001,Kolkata_Victoria,22.54,88.34,98.54,177.53,0.5675023085638973,21.61,68.47,3.47,1274.4
2026-08-08,TN001,Chennai_Alandur,13.0,80.2,39.08,62.81,0.388514547206674,30.46,86.58,3.23,1326.6
2026-08-08,KA001,Bengaluru_Silk_Board,12.92,77.62,5.0,8.68,0.4084592144956766,27.88,79.43,2.71,1304.6
2026-08-08,TG001,Hyderabad_Sanathnagar,17.45,78.43,52.24,81.71,0.5856993952547154,26.12,65.42,2.11,1093.8
2026-08-08,BR001,Patna_Sanjay_Gandhi,25.6,85.1,155.75,269.71,0.6875330920017129,23.06,59.31,2.84,1024.9
2026-08-08,UP001,Lucknow_Lalbagh,26.85,80.94,160.92,264.09,0.8151471559808497,23.97,60.36,3.64,1078.9
2026-08-08,RJ001,Jaipur_Adarsh_Nagar,26.9,75.82,96.08,148.46,0.6257885372137395,21.81,55.13,4.15,650.4
2026-08-08,GJ001,Ahmedabad_Maninagar,23.0,72.61,98.81,193.28,0.5989511338531556,26.22,52.83,3.16,852.0
2026-08-09,DL001,Delhi_RK_Puram,28.56,77.18,183.4,257.91,0.7190913521510717,20.87,43.89,2.51,748.1
2026-08-09,MH001,Mumbai_Bandra,19.05,72.84,65.79,103.48,0.5162888476886904,27.53,70.04,3.27,1013.3
2026-08-09,WB001,Kolkata_Victoria,22.54,88.34,81.34,123.09,0.5903637858235902,25.13,70.88,3.54,1274.7
2026-08-09,TN001,Chennai_Alandur,13.0,80.2,22.97,38.94,0.40110683927292246,26.98,80.71,3.56,1485.5
2026-08-09,KA001,Bengaluru_Silk_Board,12.92,77.62,26.25,45.77,0.4246391781248164,30.49,69.9,2.25,1106.2
2026-08-09,TG001,Hyderabad_Sanathnagar,17.45,78.43,74.03,120.63,0.4798066200853352,24.31,62.21,2.03,1254.3
2026-08-09,BR001,Patna_Sanjay_Gandhi,25.6,85.1,131.11,219.51,0.6291620385618213,22.05,57.06,3.83,1085.4
2026-08-09,UP001,Lucknow_Lalbagh,26.85,80.94,132.22,231.79,0.6946017248449577,23.36,59.61,3.23,1059.1
2026-08-09,RJ001,Jaipur_Adarsh_Nagar,26.9,75.82,79.67,118.2,0.6631694167395633,20.56,55.47,4.0,760.6
2026-08-09,GJ001,Ahmedabad_Maninagar,23.0,72.61,91.11,166.62,0.5350777471207355,23.84,48.77,1.28,966.1
2026-08-10,DL001,Delhi_RK_Puram,28.56,77.18,200.17,385.95,0.6127730064021613,23.16,48.03,0.86,998.9
2026-08-10,MH001,Mumbai_Bandra,19.05,72.84,76.94,124.97,0.5311103877230466,27.34,67.71,0.17,1233.2
2026-08-10,WB001,Kolkata_Victoria,22.54,88.34,68.27,128.68,0.42858785379042114,26.53,61.03,4.35,1240.8
2026-08-10,TN001,Chennai_Alandur,13.0,80.2,55.72,88.9,0.34877408956858413,27.32,82.48,1.96,1292.9
2026-08-10,KA001,Bengaluru_Silk_Board,12.92,77.62,59.75,97.11,0.4239455982763707,25.04,86.83,2.47,1355.4
2026-08-10,TG001,Hyderabad_Sanathnagar,17.45,78.43,53.92,81.34,0.4403722842953257,25.58,73.18,0.58,1198.6
2026-08-10,BR001,Patna_Sanjay_Gandhi,25.6,85.1,166.85,296.03,0.6359788208869265,21.67,64.06,4.3,1174.3
2026-08-10,UP001,Lucknow_Lalbagh,26.85,80.94,143.63,217.95,0.8141533588457992,20.02,55.87,1.67,867.0
2026-08-10,RJ001,Jaipur_Adarsh_Nagar,26.9,75.82,104.16,204.68,0.5778983969751685,20.35,50.19,4.27,1017.5
2026-08-10,GJ001,Ahmedabad_Maninagar,23.0,72.61,112.71,177.26,0.5415592008765922,24.16,62.77,3.92,818.6
2026-08-11,DL001,Delhi_RK_Puram,28.56,77.18,162.21,267.92,0.7367640714687936,19.28,46.57,3.78,825.2
2026-08-11,MH001,Mumbai_Bandra,19.05,72.84,74.76,133.37,0.42191355750636567,25.02,68.4,3.66,1056.8
2026-08-11,WB001,Kolkata_Victoria,22.54,88.34,111.98,157.9,0.5226273379045574,23.09,69.83,2.23,1199.0
2026-08-11,TN001,Chennai_Alandur,13.0,80.2,37.25,65.39,0.4484590219879817,29.54,87.33,3.43,1568.0
2026-08-11,KA001,Bengaluru_Silk_Board,12.92,77.62,53.96,78.58,0.5230092055943927,27.17,77.84,3.06,1404.9
2026-08-11,TG001,Hyderabad_Sanathnagar,17.45,78.43,67.98,119.2,0.4627237443301981,26.51,73.05,2.04,1317.6
2026-08-11,BR001,Patna_Sanjay_Gandhi,25.6,85.1,123.6,200.87,0.671982597447766,21.43,66.59,2.93,1204.9
2026-08-11,UP001,Lucknow_Lalbagh,26.85,80.94,149.14,279.96,0.9067457162016522,23.28,59.05,0.58,949.3
2026-08-11,RJ001,Jaipur_Adarsh_Nagar,26.9,75.82,100.36,191.6,0.6534688264860332,21.65,44.96,3.66,833.1
2026-08-11,GJ001,Ahmedabad_Maninagar,23.0,72.61,96.64,173.42,0.5628146813430353,26.17,45.98,3.57,768.9
2026-08-12,DL001,Delhi_RK_Puram,28.56,77.18,145.26,221.81,0.6867982539078009,21.09,52.38,3.5,789.2
2026-08-12,MH001,Mumbai_Bandra,19.05,72.84,79.17,146.08,0.6011567783798347,24.49,64.04,3.22,1256.9
2026-08-12,WB001,Kolkata_Victoria,22.54,88.34,76.77,111.19,0.42527842291432094,23.89,73.91,4.46,1301.3
2026-08-12,TN001,Chennai_Alandur,13.0,80.2,66.22,128.78,0.3776752797527397,28.54,86.57,2.86,1393.6
2026-08-12,KA001,Bengaluru_Silk_Board,12.92,77.62,32.72,65.12,0.4245052316739976,27.3,83.47,2.0,1267.8
2026-08-12,TG001,Hyderabad_Sanathnagar,17.45,78.43,53.26,91.96,0.4734040507891879,26.91,68.58,0.32,1173.9
2026-08-12,BR001,Patna_Sanjay_Gandhi,25.6,85.1,159.95,236.72,0.6528847468800426,23.18,63.62,2.21,1353.3
2026-08-12,UP001,Lucknow_Lalbagh,26.85,80.94,122.29,193.1,0.8050213081285601,22.68,57.73,4.84,1207.3
2026-08-12,RJ001,Jaipur_Adarsh_Nagar,26.9,75.82,82.55,130.68,0.6794250297912996,20.27,57.71,2.41,878.9
2026-08-12,GJ001,Ahmedabad_Maninagar,23.0,72.61,92.51,174.12,0.5317670579706235,25.08,48.78,1.41,736.7
2026-08-13,DL001,Delhi_RK_Puram,28.56,77.18,187.63,285.09,0.659139510533191,22.63,45.02,3.51,839.1
2026-08-13,MH001,Mumbai_Bandra,19.05,72.84,94.72,145.58,0.37040226073812527,24.26,66.7,1.55,1063.2
2026-08-13,WB001,Kolkata_Victoria,22.54,88.34,87.57,161.91,0.3647308458126658,24.2,75.17,4.15,1306.2
2026-08-13,TN001,Chennai_Alandur,13.0,80.2,65.73,126.17,0.37288041640287006,29.38,86.31,2.76,1417.7
2026-08-13,KA001,Bengaluru_Silk_Board,12.92,77.62,17.34,34.36,0.5021798200537388,28.8,78.26,2.85,1408.6
2026-08-13,TG001,Hyderabad_Sanathnagar,17.45,78.43,23.77,43.57,0.33517833235784655,24.66,77.07,2.09,1174.4
2026-08-13,BR001,Patna_Sanjay_Gandhi,25.6,85.1,148.46,216.08,0.5707565012563981,24.18,67.18,3.04,1162.4
2026-08-13,UP001,Lucknow_Lalbagh,26.85,80.94,154.23,237.55,0.8441784364241307,21.5,57.94,4.49,975.9
2026-08-13,RJ001,Jaipur_Adarsh_Nagar,26.9,75.82,82.39,125.33,0.6846882089090384,21.2,50.81,4.45,958.3
2026-08-13,GJ001,Ahmedabad_Maninagar,23.0,72.61,86.57,155.08,0.5137959694929717,21.15,51.71,2.19,702.0
2026-08-14,DL001,Delhi_RK_Puram,28.56,77.18,189.98,293.28,0.5472077134848918,19.79,46.31,1.48,828.9
2026-08-14,MH001,Mumbai_Bandra,19.05,72.84,74.41,113.84,0.32244707938570716,24.65,71.79,2.23,1020.6
2026-08-14,WB001,Kolkata_Victoria,22.54,88.34,97.43,163.35,0.444642590317999,22.68,62.35,1.65,1063.0
2026-08-14,TN001,Chennai_Alandur,13.0,80.2,15.83,24.63,0.35252159319349213,28.03,87.67,2.33,1318.4
2026-08-14,KA001,Bengaluru_Silk_Board,12.92,77.62,49.47,72.37,0.3512936809629273,26.84,79.9,1.25,1307.6
2026-08-14,TG001,Hyderabad_Sanathnagar,17.45,78.43,49.93,82.9,0.48149112010339146,28.89,67.1,3.18,1183.2
2026-08-14,BR001,Patna_Sanjay_Gandhi,25.6,85.1,146.59,237.94,0.5767044818797247,22.01,66.94,2.2,1095.1
2026-08-14,UP001,Lucknow_Lalbagh,26.85,80.94,143.2,205.77,0.658895527959832,24.89,55.23,2.4,1055.1
2026-08-14,RJ001,Jaipur_Adarsh_Nagar,26.9,75.82,64.88,115.83,0.5615257852971987,22.11,45.11,3.38,814.9
2026-08-14,GJ001,Ahmedabad_Maninagar,23.0,72.61,99.31,141.47,0.38426823169580715,21.7,51.79,1.66,940.5
2026-08-15,DL001,Delhi_RK_Puram,28.56,77.18,171.97,338.85,0.6165143771963707,20.89,47.1,2.83,857.9
2026-08-15,MH001,Mumbai_Bandra,19.05,72.84,64.28,105.16,0.3426406626684384,22.6,61.79,2.74,1022.3
2026-08-15,WB001,Kolkata_Victoria,22.54,88.34,81.64,154.4,0.4911692659269942,25.46,66.22,3.84,1272.8
2026-08-15,TN001,Chennai_Alandur,13.0,80.2,63.11,100.67,0.3918801525063317,25.91,77.92,4.04,1213.2
2026-08-15,KA001,Bengaluru_Silk_Board,12.92,77.62,5.0,9.93,0.2715332646908641,29.59,85.42,3.41,1373.5
2026-08-15,TG001,Hyderabad_Sanathnagar,17.45,78.43,31.45,46.12,0.42043225448658744,25.16,67.75,3.7,1074.8
2026-08-15,BR001,Patna_Sanjay_Gandhi,25.6,85.1,163.37,278.09,0.5543915572564858,22.55,55.41,2.1,1071.7
2026-08-15,UP001,Lucknow_Lalbagh,26.85,80.94,131.09,204.74,0.7331351348534743,21.51,59.12,1.37,950.5
2026-08-15,RJ001,Jaipur_Adarsh_Nagar,26.9,75.82,89.83,179.29,0.5859564050398037,22.15,35.39,2.52,759.7
2026-08-15,GJ001,Ahmedabad_Maninagar,23.0,72.61,84.84,169.48,0.4087720406386079,24.45,44.53,1.69,880.4
2026-08-16,DL001,Delhi_RK_Puram,28.56,77.18,178.51,338.19,0.5378101048585292,21.08,48.45,3.62,933.8
2026-08-16,MH001,Mumbai_Bandra,19.05,72.84,77.88,109.3,0.32557884958926714,24.45,57.86,2.28,801.3
2026-08-16,WB001,Kolkata_Victoria,22.54,88.34,89.8,157.26,0.4175998652106939,25.75,72.1,0.58,1283.3
2026-08-16,TN001,Chennai_Alandur,13.0,80.2,53.22,87.69,0.25867636603690947,29.87,80.6,3.31,1427.6
2026-08-16,KA001,Bengaluru_Silk_Board,12.92,77.62,44.49,85.93,0.3292057905287028,26.67,79.11,4.03,1280.8
2026-08-16,TG001,Hyderabad_Sanathnagar,17.45,78.43,54.97,107.26,0.31682516025802654,26.6,66.79,0.51,1085.2
2026-08-16,BR001,Patna_Sanjay_Gandhi,25.6,85.1,136.95,192.07,0.5130039366063435,23.27,69.87,2.22,1080.0
2026-08-16,UP001,Lucknow_Lalbagh,26.85,80.94,154.16,216.5,0.6059158356723006,21.39,52.38,1.28,1043.6
2026-08-16,RJ001,Jaipur_Adarsh_Nagar,26.9,75.82,89.11,165.51,0.5832543608925191,20.09,44.18,3.17,927.9
2026-08-16,GJ001,Ahmedabad_Maninagar,23.0,72.61,94.35,146.54,0.4235907007189973,23.47,51.32,3.46,1013.6
2026-08-17,DL001,Delhi_RK_Puram,28.56,77.18,181.56,326.3,0.5877335131477228,20.39,52.15,3.51,1134.7
2026-08-17,MH001,Mumbai_Bandra,19.05,72.84,61.89,95.55,0.3879995831972231,26.2,64.06,2.91,1001.4
2026-08-17,WB001,Kolkata_Victoria,22.54,88.34,93.41,146.84,0.3948020853591157,22.72,66.06,1.78,1375.0
2026-08-17,TN001,Chennai_Alandur,13.0,80.2,63.99,105.03,0.2560672038775932,28.3,81.73,4.52,1306.2
2026-08-17,KA001,Bengaluru_Silk_Board,12.92,77.62,29.79,55.7,0.23445486654755154,29.4,80.01,2.43,1236.6
2026-08-17,TG001,Hyderabad_Sanathnagar,17.45,78.43,75.29,133.85,0.3998638733458341,24.69,64.52,4.38,1109.3
2026-08-17,BR001,Patna_Sanjay_Gandhi,25.6,85.1,138.86,262.91,0.4727249973444261,20.59,60.79,1.07,1279.2
2026-08-17,UP001,Lucknow_Lalbagh,26.85,80.94,153.87,248.19,0.6431148736757183,24.31,50.84,1.32,956.2
2026-08-17,RJ001,Jaipur_Adarsh_Nagar,26.9,75.82,85.86,165.08,0.5520511018279713,19.43,52.37,2.95,895.6
2026-08-17,GJ001,Ahmedabad_Maninagar,23.0,72.61,114.65,205.48,0.36948351074232194,22.43,56.05,2.92,833.1
2026-08-18,DL001,Delhi_RK_Puram,28.56,77.18,189.04,292.0,0.5153590725290426,20.98,47.08,2.44,985.0
2026-08-18,MH001,Mumbai_Bandra,19.05,72.84,50.43,71.06,0.3162136392614426,24.69,66.48,1.38,1019.4
2026-08-18,WB001,Kolkata_Victoria,22.54,88.34,94.9,162.94,0.2980708381619216,24.75,63.79,3.63,1161.8
2026-08-18,TN001,Chennai_Alandur,13.0,80.2,66.14,126.79,0.28271380192106377,26.61,81.39,1.78,1461.8
2026-08-18,KA001,Bengaluru_Silk_Board,12.92,77.62,26.17,45.9,0.19842408404679499,27.37,82.74,3.6,1242.7
2026-08-18,TG001,Hyderabad_Sanathnagar,17.45,78.43,38.73,76.51,0.3601793438555726,27.72,76.92,1.32,1227.5
2026-08-18,BR001,Patna_Sanjay_Gandhi,25.6,85.1,137.23,274.21,0.5317288961548253,23.75,62.83,2.6,1179.1
2026-08-18,UP001,Lucknow_Lalbagh,26.85,80.94,140.44,211.42,0.6600000136465577,22.44,51.11,2.48,1226.4
2026-08-18,RJ001,Jaipur_Adarsh_Nagar,26.9,75.82,85.94,143.7,0.5871043554842811,22.65,49.13,2.65,853.6
2026-08-18,GJ001,Ahmedabad_Maninagar,23.0,72.61,74.59,120.83,0.40726032463559503,24.85,50.83,2.3,789.1
2026-08-19,DL001,Delhi_RK_Puram,28.56,77.18,179.48,251.82,0.5091202954903514,19.82,46.95,4.04,720.9
2026-08-19,MH001,Mumbai_Bandra,19.05,72.84,78.49,138.58,0.3098011013814141,24.61,59.36,3.21,1220.8
2026-08-19,WB001,Kolkata_Victoria,22.54,88.34,97.65,195.11,0.3803588500001291,24.11,69.14,3.74,1280.0
2026-08-19,TN001,Chennai_Alandur,13.0,80.2,47.13,93.42,0.21240811757650124,30.62,79.6,0.72,1229.0
2026-08-19,KA001,Bengaluru_Silk_Board,12.92,77.62,70.29,111.68,0.30129988318390005,30.21,78.22,3.94,1293.4
2026-08-19,TG001,Hyderabad_Sanathnagar,17.45,78.43,33.1,63.19,0.37445052980540383,27.01,66.41,2.09,1237.9
2026-08-19,BR001,Patna_Sanjay_Gandhi,25.6,85.1,119.58,172.45,0.4680082676428852,22.06,62.55,0.15,1125.3
2026-08-19,UP001,Lucknow_Lalbagh,26.85,80.94,172.64,308.27,0.684857279893129,22.32,52.03,0.94,1047.3
2026-08-19,RJ001,Jaipur_Adarsh_Nagar,26.9,75.82,56.99,113.81,0.45518166647259456,19.89,51.48,2.76,681.6
2026-08-19,GJ001,Ahmedabad_Maninagar,23.0,72.61,100.02,155.38,0.4341178570462411,22.5,59.58,2.67,875.5
2026-08-20,DL001,Delhi_RK_Puram,28.56,77.18,184.36,353.85,0.4354524398822408,22.57,51.89,3.13,990.5
2026-08-20,MH001,Mumbai_Bandra,19.05,72.84,90.34,130.02,0.1772577594075879,25.06,59.79,4.24,967.9
2026-08-20,WB001,Kolkata_Victoria,22.54,88.34,93.81,176.72,0.3599609174010925,21.21,67.9,3.75,1317.4
2026-08-20,TN001,Chennai_Alandur,13.0,80.2,47.12,75.04,0.2627129247975106,26.8,81.06,1.5,1413.0
2026-08-20,KA001,Bengaluru_Silk_Board,12.92,77.62,16.89,25.15,0.20163424081988388,30.08,75.33,3.5,1273.1
2026-08-20,TG001,Hyderabad_Sanathnagar,17.45,78.43,47.09,90.19,0.3448110172741452,25.63,67.18,2.83,879.8
2026-08-20,BR001,Patna_Sanjay_Gandhi,25.6,85.1,126.34,231.57,0.36588152724463496,22.13,59.6,0.95,1176.8
2026-08-20,UP001,Lucknow_Lalbagh,26.85,80.94,154.4,291.4,0.6332564377625237,25.73,54.27,3.18,1018.7
2026-08-20,RJ001,Jaipur_Adarsh_Nagar,26.9,75.82,84.6,163.04,0.550698801352526,20.38,49.12,1.06,983.8
2026-08-20,GJ001,Ahmedabad_Maninagar,23.0,72.61,77.02,121.78,0.3912110846377082,25.09,57.03,0.21,1007.9
